der	451346
die	419897
und	340251
den	171898
mit	139653
von	137354
das	134645
ist	127493
auf	124263
für	116794
sich	113589
ein	100051
dem	98405
nicht	94056
eine	90908
des	87559
auch	83938
als	63962
bei	61518
aus	59905
hat	59141
werden	58781
dass	58452
nach	52184
sie	51363
einem	50949
sind	49552
wird	48447
einer	48393
einen	46832
wie	45755
noch	44722
vor	43832
war	40764
haben	40218
zum	38122
aber	37684
über	37176
oder	33694
mehr	32613
wurde	31870
nur	30996
bis	28466
man	27917
sein	27113
gegen	26552
sei	25632
zur	24712
kann	23458
wir	23270
hatte	22910
wieder	22654
durch	21346
können	21028
habe	20327
unter	19731
soll	19602
gibt	19314
ich	19279
schon	18640
dann	18036
zwei	17832
beim	17209
immer	16999
vom	16917
ihre	16277
sagte	16074
nun	15260
wenn	15062
seine	14968
bereits	14787
was	14504
wurden	14474
seit	14320
keine	14128
diese	13876
ihr	13594
sehr	13525
waren	13395
eines	12943
geht	12820
seiner	12627
muss	12498
drei	12307
neue	12258
alle	12212
ersten	12138
worden	12095
dieser	12032
viele	11873
diesem	11762
jetzt	11724
rund	11660
zwischen	11658
viel	11354
damit	11298
will	11257
etwa	11185
gut	11051
weiter	11013
dabei	10824
müssen	10588
sowie	10569
uns	10535
neuen	10279
ins	10012
sagt	9634
hier	9527
selbst	9522
seien	9369
steht	9254
anderen	9234
seinen	9232
ihren	9166
allem	8978
ihrer	8918
seinem	8887
sollen	8856
etwas	8820
vergangenen	8731
ganz	8566
machen	8530
kommt	8398
gab	8193
sondern	8058
ohne	8054
beiden	8042
laut	7932
weil	7859
doch	7853
könnte	7791
wegen	7655
andere	7497
hatten	7472
kommen	7451
dazu	7425
dafür	7394
kam	7316
jedoch	7266
ihn	7264
werde	7138
konnte	7106
dort	7022
vier	6999
wollen	6995
heute	6988
alles	6897
weitere	6859
erst	6826
also	6677
allerdings	6662
lassen	6551
einmal	6493
stehen	6462
sollte	6430
letzten	6382
ihm	6371
sehen	6354
kein	6341
ihrem	6325
geben	6213
dieses	6147
erste	6137
mich	5940
deutlich	5891
sogar	5853
große	5800
gewesen	5715
zurück	5710
fünf	5697
macht	5684
davon	5672
gehen	5595
großen	5587
anderem	5574
würde	5566
liegt	5455
mal	5446
während	5410
wäre	5348
einfach	5329
fast	5257
nichts	5247
darauf	5233
denn	5232
sieht	5222
diesen	5196
lange	5186
würden	5094
zeigt	5071
zwar	5066
eigenen	5032
statt	5020
weniger	4967
vielen	4899
hätten	4887
derzeit	4825
einige	4813
möglich	4766
ebenfalls	4754
mir	4743
wohl	4726
gerade	4717
musste	4655
heißt	4585
bekannt	4563
finden	4548
zehn	4536
später	4522
denen	4512
gemacht	4493
mehrere	4444
bleibt	4443
besonders	4390
schnell	4339
deutschen	4310
ging	4308
gilt	4287
zweiten	4252
lässt	4241
allen	4210
nächsten	4131
wenig	4123
zufolge	4091
oft	4081
gar	4078
bisher	4042
erklärt	4023
zusammen	4010
zudem	3975
findet	3974
bleiben	3970
zuletzt	3965
könnten	3964
zunächst	3946
bin	3944
sechs	3872
verletzt	3866
besser	3855
stark	3830
hätte	3825
sollten	3820
klar	3796
kommenden	3794
ihnen	3781
konnten	3752
weiteren	3744
keinen	3713
pro	3680
genau	3633
nie	3632
insgesamt	3617
dies	3609
könne	3606
wollte	3606
gute	3589
kurz	3578
wirklich	3556
natürlich	3511
tun	3505
schwer	3502
unsere	3466
erhalten	3457
weiterhin	3451
knapp	3440
gegenüber	3423
berichtet	3396
bekommen	3392
gegeben	3367
zeigen	3352
zuvor	3352
kaum	3339
wichtig	3322
hinter	3317
möchte	3290
aktuell	3279
neben	3267
hin	3261
eigentlich	3241
welche	3220
weit	3211
gemeinsam	3205
gleich	3191
teilte	3167
sicher	3163
erklärte	3158
erneut	3157
gebracht	3146
fest	3140
deutsche	3138
gehört	3080
gekommen	3062
bringen	3052
eher	3047
deshalb	3016
darüber	2986
direkt	2983
deren	2981
nehmen	2967
bietet	2957
liegen	2941
russischen	2941
damals	2902
darf	2896
dürfte	2892
meisten	2889
aller	2850
neu	2848
müsse	2836
erwartet	2835
leicht	2818
dessen	2813
stellt	2808
sagen	2797
jeder	2792
besten	2784
daher	2784
geworden	2746
bislang	2739
stand	2735
richtig	2691
spielen	2685
aufgrund	2683
halten	2683
lang	2675
offenbar	2674
hält	2639
sieben	2630
stellen	2618
daran	2607
unserer	2598
acht	2577
kleinen	2570
wissen	2568
weiß	2556
hieß	2545
unterwegs	2544
dürfen	2540
einigen	2529
führt	2529
aktuellen	2514
mindestens	2512
per	2504
spielt	2492
hoch	2471
groß	2464
jeden	2460
anders	2426
spricht	2418
arbeiten	2409
trotz	2406
führen	2404
junge	2401
beide	2395
eigene	2395
paar	2373
setzt	2370
seines	2362
gebe	2347
läuft	2337
kleine	2333
beispielsweise	2329
gefunden	2322
sofort	2295
nutzen	2285
zumindest	2285
handelt	2276
hohen	2276
machte	2259
künftig	2254
zweite	2246
hinaus	2240
geplant	2239
helfen	2213
braucht	2207
wer	2195
bald	2187
dagegen	2186
schließlich	2186
erstmals	2183
mussten	2183
überhaupt	2181
nächste	2180
gerne	2162
solche	2155
vielleicht	2150
alte	2147
kamen	2143
euch	2141
links	2132
mittlerweile	2130
lag	2121
bringt	2107
mehreren	2096
guten	2091
inzwischen	2088
nimmt	2084
berichtete	2075
ganze	2075
neues	2072
setzen	2064
letzte	2063
scheint	2061
betonte	2060
erreicht	2048
alten	2044
jeweils	2038
darunter	2031
demnach	2028
meine	2023
verloren	2012
zeigte	2007
bieten	1989
stellte	1986
russische	1983
ließ	1974
zahlreiche	1967
warum	1950
nachdem	1948
schaffen	1947
danach	1941
erreichen	1941
mitteilte	1938
jungen	1935
verschiedenen	1928
bedeutet	1922
offen	1920
hohe	1919
jede	1913
blieb	1907
tatsächlich	1901
allein	1898
verlassen	1888
neuer	1883
sowohl	1872
größten	1861
fand	1858
innerhalb	1856
außerdem	1855
dritten	1849
gestellt	1846
sorgen	1843
hingegen	1834
genug	1829
gesagt	1828
sprach	1825
ihres	1819
leben	1806
fahren	1794
eben	1786
endlich	1785
ebenso	1782
bekommt	1776
schreibt	1769
wenige	1766
darum	1761
komplett	1757
fordert	1748
gehören	1739
öffentlichen	1736
oben	1732
weltweit	1732
freuen	1731
unterstützt	1725
betroffen	1715
gesehen	1715
gesperrt	1715
erzählt	1714
großer	1712
länger	1710
betont	1707
bevor	1705
ziehen	1701
besteht	1692
zwölf	1691
gewinnen	1690
dennoch	1687
neun	1686
versucht	1686
nämlich	1685
sprechen	1685
unser	1682
wolle	1678
voll	1660
brauchen	1658
wichtige	1647
genommen	1642
trotzdem	1640
beginnt	1635
fällt	1635
größte	1634
passiert	1633
laufen	1629
früher	1621
unterstützen	1616
bereit	1613
schweren	1606
sorgt	1605
völlig	1596
insbesondere	1585
schrieb	1582
verschiedene	1575
ehemalige	1564
angekündigt	1563
vorbei	1562
ukrainischen	1558
müssten	1554
durchaus	1551
ehemaligen	1549
frei	1543
wenigen	1537
gezeigt	1536
rechts	1536
jedem	1534
treffen	1533
jedes	1529
entwickelt	1520
ukrainische	1518
alt	1513
sonst	1507
nahm	1504
entschieden	1499
sucht	1496
trifft	1494
erfolgreich	1489
führte	1486
startet	1484
aktuelle	1480
zieht	1474
erwarten	1470
geführt	1470
befindet	1469
unseren	1469
heraus	1465
starken	1465
genutzt	1464
veröffentlicht	1458
lediglich	1456
sogenannten	1448
recht	1436
brachte	1433
teilweise	1433
nahe	1428
mein	1421
gehe	1409
meist	1407
dadurch	1405
ganzen	1402
entfernt	1401
sozialen	1398
weiterer	1381
gewonnen	1377
aktiv	1375
rechnen	1374
einzige	1373
somit	1373
warten	1373
setzte	1369
wollten	1360
niemand	1352
her	1348
beste	1340
weg	1339
bestätigt	1329
getroffen	1321
sogenannte	1317
starke	1315
darin	1313
arbeitet	1310
bisschen	1309
langen	1306
politischen	1305
unklar	1298
gesamten	1296
wichtiger	1296
großes	1293
solle	1290
längst	1285
anderer	1283
häufig	1280
steigt	1279
regelmäßig	1276
steigen	1276
leisten	1270
fallen	1267
verhindern	1260
plötzlich	1258
erster	1257
fuhr	1253
gesetzt	1253
obwohl	1248
all	1243
aufgenommen	1240
politische	1239
gleichzeitig	1237
angesichts	1234
entscheiden	1233
ändern	1233
meiner	1230
frühen	1228
internationalen	1228
ermittelt	1227
gesamte	1225
spielte	1216
zog	1215
gelten	1213
gespielt	1210
möglichst	1210
wären	1210
solchen	1206
geschlossen	1200
begonnen	1196
gemeinsamen	1191
suchen	1189
sorgte	1185
sah	1184
teils	1184
stärker	1183
überzeugt	1183
elf	1179
entstehen	1178
fiel	1172
forderte	1171
wiederum	1162
möglichen	1159
traf	1155
anschließend	1153
gewann	1153
gefallen	1151
europäischen	1146
schwere	1146
stets	1145
fehlt	1144
bisherigen	1143
kämpfen	1143
starten	1142
zahlen	1137
geplanten	1134
innen	1134
versuchen	1128
hinzu	1126
los	1126
erinnert	1121
gestiegen	1121
wahrscheinlich	1121
eingesetzt	1120
nötig	1119
leider	1118
dir	1116
erhöht	1114
kritisiert	1114
feiern	1111
kennen	1110
kürzlich	1109
aufs	1108
zufrieden	1106
kostet	1104
eröffnet	1103
mögliche	1103
fehlen	1101
standen	1100
folgen	1094
vorne	1094
erkennen	1092
früheren	1092
befinden	1089
freut	1089
beschlossen	1088
meint	1087
beginnen	1084
gegangen	1083
funktioniert	1081
dürften	1078
jüngsten	1078
hervor	1076
kaufen	1076
präsentiert	1075
meinen	1074
weiteres	1073
anderes	1067
hilft	1067
unserem	1062
gingen	1060
wichtigen	1060
selten	1058
begann	1057
tragen	1057
ziemlich	1056
zählt	1054
getötet	1053
droht	1049
dank	1046
schön	1045
zusätzlich	1045
eins	1043
extrem	1042
gelang	1041
unbedingt	1041
zahlreichen	1041
jemand	1039
erleben	1037
vermutlich	1034
beschäftigt	1032
hielt	1032
schneller	1029
trägt	1029
übernehmen	1028
dritte	1027
entdeckt	1027
hören	1026
gefeiert	1024
gewählt	1024
informiert	1024
besondere	1023
folgt	1023
erfahren	1020
angeboten	1019
gesprochen	1019
indem	1018
notwendig	1018
stattfinden	1017
ums	1017
verkauft	1017
weder	1017
wichtigsten	1015
früh	1012
beteiligt	1011
positiv	1011
abgeschlossen	1009
verantwortlich	1009
höher	1006
sodass	1006
kennt	1005
öffentlich	1000
festgenommen	996
jedenfalls	996
bezeichnet	995
heutigen	994
heuer	993
einst	991
kündigte	991
geraten	987
diesmal	985
ähnlich	985
richtige	981
warnt	981
einiges	979
sitzt	979
gehabt	978
offiziell	977
vorerst	975
dringend	974
erhält	974
ohnehin	972
schützen	972
verwendet	971
bessere	969
täglich	969
schwierig	968
glaube	965
durchgeführt	964
genannt	962
tritt	962
übrigens	962
lebt	961
lieber	959
wobei	959
bewusst	958
geplante	958
verbessern	956
dich	953
beendet	950
wann	949
voller	948
gefordert	947
lesen	947
teilt	944
manchmal	943
schlecht	943
nennt	942
eng	938
gutes	938
verlor	936
gemeinsame	935
verstehen	934
überraschend	934
genauso	933
reicht	932
übernommen	931
gefragt	930
tut	930
ermöglichen	929
geöffnet	927
verurteilt	927
verlieren	926
tätig	923
erhielt	922
daraufhin	921
frühere	921
schauen	921
liefern	920
höhere	918
vorgestellt	917
gleichen	916
erlebt	915
gebaut	913
wirkt	912
klare	911
stieg	911
verbunden	909
gezogen	907
mehrfach	906
gemeldet	905
fordern	903
feiert	902
gesorgt	900
fährt	895
größere	895
ermöglicht	894
fanden	894
erklären	893
legt	891
erhöhen	890
machten	889
bestätigte	887
gern	887
beschädigt	883
internationale	883
zusätzliche	883
bekam	877
lief	877
richtigen	876
voraussichtlich	875
entwickeln	874
legte	874
lernen	874
the	872
holen	867
langsam	867
müsste	866
vorher	865
einzelnen	858
laufenden	854
entsprechende	853
plant	852
entsprechend	850
mag	850
überall	848
meinte	847
möglicherweise	847
fürs	845
möchten	845
benötigt	843
verdient	841
steckt	840
sitzen	839
vertreten	839
entstand	838
verändert	838
vierten	838
keiner	834
stehe	834
besonderen	833
davor	830
online	830
manche	829
vorstellen	828
entgegen	826
finde	822
treten	818
zunehmend	818
gehalten	817
berichten	814
erlaubt	814
könnt	813
öffentliche	811
guter	809
legen	809
meinem	807
relativ	806
letztlich	805
entstanden	803
gestartet	803
hinten	802
dauern	801
nahmen	801
verzichten	801
aufmerksam	800
geschafft	799
schlägt	799
beziehungsweise	798
ließen	796
größer	791
jährlich	790
ausreichend	789
live	789
schließen	789
israelischen	788
passt	787
unten	787
gelungen	782
immerhin	782
profitieren	778
offenen	777
stolz	777
gefahren	775
raus	775
gestorben	774
zweimal	774
behandelt	773
denken	770
geschrieben	770
hoffen	770
bestimmte	769
gedacht	769
rechten	766
betroffenen	765
persönlich	764
blieben	763
gesucht	762
komme	762
vollständig	762
gearbeitet	760
gefährlich	758
übernimmt	758
getan	757
jene	757
verstärkt	757
zeigten	757
reagiert	755
vergessen	755
begleitet	754
melden	754
tief	753
zerstört	753
digitale	752
welcher	752
hofft	750
begeistert	749
daraus	748
umgesetzt	747
ans	746
israelische	746
entsprechenden	745
jeweiligen	745
vorbereitet	745
gestern	744
verfügt	744
entlang	743
höheren	742
kleiner	742
wirft	741
dpa	740
vorgesehen	740
sehe	739
brauche	738
egal	738
spät	738
besucht	737
mache	736
miteinander	736
entspricht	735
glauben	734
vermeiden	733
holte	732
eingestellt	731
grundsätzlich	731
kosten	731
passieren	729
stellten	728
britischen	727
falsch	727
zählen	727
außerhalb	726
bauen	724
erzielte	724
näher	723
festgestellt	722
aufgestellt	721
verfügbar	721
denke	720
finanzielle	720
welchen	720
außer	719
durfte	718
ausschließlich	717
hart	717
indes	717
alleine	715
erfolgt	714
inklusive	714
kritisierte	714
massiv	714
größeren	713
handeln	713
zugleich	713
bestimmten	712
voran	712
rechnet	711
welches	711
bekannte	709
gaben	709
teuer	709
weist	708
gelegt	706
maximal	706
beträgt	705
eingeladen	705
positive	705
starb	705
gebeten	704
geschaffen	704
dar	702
diskutiert	702
erscheint	702
herrscht	702
genießen	701
offiziellen	701
retten	701
lösen	698
geboren	697
kurzen	697
dahin	695
historischen	695
teil	695
teurer	695
achten	694
betrifft	693
reden	693
schreiben	690
folgte	687
hängt	687
digitalen	686
wartet	686
späten	684
privaten	682
galt	681
stammt	681
kommende	679
einzelne	677
feierte	674
gegründet	674
rein	674
enthalten	671
entsteht	671
gewinnt	669
fühlen	667
lädt	664
ausgeschlossen	663
persönlichen	663
leichter	662
bestehen	661
höchsten	661
hoher	660
reduziert	660
fertig	659
womöglich	659
kurze	658
reagieren	658
geblieben	656
nannte	656
bekannten	653
erzielt	653
versuchte	653
offensichtlich	652
deswegen	651
gelingt	651
nennen	651
präsentieren	651
unabhängig	650
beobachtet	649
eigener	649
glücklich	649
dauert	648
perfekt	648
sparen	647
endet	646
geschlagen	646
weshalb	646
britische	645
schafft	644
ausgezeichnet	643
informieren	642
soziale	642
erstes	641
linken	641
mitten	641
verrät	641
prüfen	639
wies	639
bezahlen	638
reichen	637
sichern	637
schlug	634
überrascht	634
verliert	633
samt	632
häufiger	631
angegriffen	629
deutscher	629
ernst	629
glaubt	629
fühlt	627
kannst	626
gestalten	624
nahezu	623
bewegen	622
zuständig	622
politisch	621
alter	620
verteilt	619
chinesischen	618
kostenlos	618
organisiert	617
trat	613
bilden	611
morgen	610
reduzieren	610
verpflichtet	610
angeblich	609
zuerst	609
ausgelöst	608
wählen	607
äußerte	607
freue	605
erinnern	604
greifen	604
öffnen	604
angenommen	601
lautet	601
stärken	601
weitgehend	600
eigenes	599
französischen	599
verboten	599
freien	598
geändert	598
nutzt	598
tot	598
verkaufen	598
ergeben	597
bestimmt	595
wünschen	595
investiert	594
verlängert	593
höchste	592
verhindert	592
vieler	592
damaligen	591
heimischen	590
erfüllt	588
liege	587
verursacht	587
bezeichnete	586
versorgt	586
wirken	585
aufgerufen	583
ursprünglich	583
ereignete	582
aufgebaut	581
schwerer	581
verfolgt	581
heißen	580
schöne	580
bedroht	579
derweil	579
sammeln	579
verabschiedet	578
vieles	577
finanziellen	576
investieren	576
gerufen	574
klingt	574
werfen	574
einiger	573
ältere	573
rasch	571
schließt	571
automatisch	570
verwies	570
international	569
ständig	569
verbessert	569
verspricht	569
aussehen	567
bundesweit	567
enorm	567
irgendwann	567
lohnt	567
erreichte	565
eingerichtet	564
gerechnet	564
gesichert	564
wächst	564
bezahlt	563
bittet	563
erfolgen	562
roten	562
selber	561
trug	561
liefert	559
teilen	559
stimmt	558
umfasst	558
untersucht	558
antreten	557
froh	556
schlagen	555
startete	554
versuchten	554
besuchen	553
erhältlich	552
unmittelbar	552
ehe	550
schnelle	550
äußerst	550
europäische	549
hierzulande	549
echte	548
ergänzt	548
meldete	548
manchen	547
fort	546
persönliche	546
außen	544
fragen	544
grünen	544
private	544
kümmern	543
bisherige	542
fördern	542
seitdem	542
spüren	542
gehandelt	541
erzählen	540
anbieten	538
besseren	538
produziert	538
sinnvoll	538
van	538
verwenden	538
absolut	536
erfasst	536
beobachten	535
beraten	535
fügte	535
kurzer	535
schwierigen	535
bewegt	534
übertragen	534
vorgeworfen	533
deutliche	532
gerettet	532
leiden	532
erfüllen	531
sorgten	531
teilnehmen	531
lagen	530
verletzte	530
bitte	529
entschied	529
erlitt	529
gleiche	529
langfristig	529
warnte	529
berichteten	528
kurzfristig	528
funktionieren	527
vorhanden	527
übergeben	526
angekommen	525
diesjährigen	525
konkrete	525
rechtzeitig	525
ausgesprochen	524
verändern	523
einsetzen	522
mutmaßlichen	521
geprägt	520
hoffe	520
einstellen	519
stammen	519
solcher	518
stattdessen	518
geriet	517
erheblich	516
wechseln	516
doppelt	515
globalen	515
planen	515
technischen	515
erforderlich	514
leichte	514
seitens	514
spätestens	514
italienischen	513
and	512
herum	512
praktisch	512
endete	511
geholt	511
leer	511
plus	511
sicherlich	510
angewiesen	509
gelassen	509
geprüft	509
interessiert	509
kleines	508
rief	508
vergeben	508
erfolgreichen	507
zentrale	507
erscheinen	506
führten	506
besetzt	505
denkt	505
schlechte	505
gestaltet	504
belegt	503
empfiehlt	503
gestohlen	503
geäußert	503
bestehenden	502
saß	502
meldet	501
befand	500
hast	500
hängen	500
überzeugen	500
freie	499
gewisse	499
desto	498
gelte	498
sichergestellt	497
wusste	497
dran	496
beitragen	495
errichtet	495
veröffentlichte	495
einfacher	494
unbekannte	494
beenden	493
ersetzt	493
gekauft	493
quasi	493
schaut	493
westlichen	493
ausgesetzt	492
halben	492
landete	492
eingeführt	491
ausgerechnet	490
offizielle	490
grüne	489
kämpft	489
ausgestattet	488
beliebten	488
einzigen	488
for	488
geeignet	488
jüngste	488
verfolgen	487
behauptet	486
geschickt	486
günstiger	486
hinweg	486
klären	486
stürzte	486
direkten	485
fragt	485
zuständige	485
übernahm	485
betreibt	484
dienen	484
finanziell	484
steigenden	484
zusätzlichen	484
chinesische	483
kritisch	483
unseres	483
brachten	482
drohen	482
eindeutig	482
intensiv	482
konkret	482
verraten	481
warf	481
entscheidet	479
sichtbar	479
via	479
zuständigen	479
eingeleitet	478
ordentlich	477
stecken	477
geboten	476
mithilfe	476
entweder	474
vergangene	472
gelangen	471
zeitweise	471
draußen	470
ersetzen	470
gefährdet	469
wichtigste	468
blickt	467
erfolgreiche	467
ruft	467
richtet	466
tolle	466
fünften	465
geklärt	464
kleinere	464
setzten	464
wachsen	464
behalten	463
nachhaltig	463
ausfallen	462
endgültig	462
fliegen	462
mittels	462
mitgeteilt	461
betrachtet	460
finanziert	460
langer	460
aufgefordert	459
massiven	459
scheinen	459
schloss	459
selben	459
älteren	459
amerikanischen	458
aufnehmen	458
hundert	458
wirtschaftliche	458
bedeckt	457
dürfe	457
gesunken	457
greift	457
kontrolliert	457
traditionellen	457
vorn	457
beschreibt	456
bestehende	456
trafen	456
normal	455
positiven	455
schaffte	455
technische	455
genügend	454
hört	454
verlangt	454
verpasst	454
diverse	453
mitteilt	453
falsche	451
geliefert	451
beliebt	450
deine	450
erweitert	450
klassischen	450
unterschiedlich	450
super	449
wiederholt	449
frisch	448
genauer	448
jüngst	448
schwarzen	448
speziell	448
arbeitete	447
ergab	447
längere	447
französische	446
modernen	446
passen	446
betreut	445
auftreten	444
definitiv	444
halbe	444
wechselt	444
dient	443
gesammelt	443
junger	443
handelte	442
abgelehnt	441
historische	441
momentan	441
bleibe	440
enttäuscht	440
vermisst	440
gefällt	439
leitet	439
staatlichen	439
stoppen	439
ändert	439
betrieben	438
bist	438
echten	438
eure	438
fielen	438
gewohnt	438
konzentrieren	438
schlechter	438
verbreitet	438
beschäftigen	437
laden	437
überwiegend	437
besitzt	436
namens	436
bedeuten	435
abgegeben	434
keinem	434
nationalen	434
äußern	434
gezielt	433
nochmal	433
staatliche	433
bestätigen	432
einig	432
zahlt	431
ähnliche	431
dahinter	430
gelernt	430
welchem	430
offene	429
wünscht	429
verbringen	428
benötigen	427
schönen	427
baut	426
bereitet	426
gering	426
wert	426
entdecken	425
entscheidend	425
essen	425
gefördert	425
niemals	425
schlechten	425
entlassen	424
irgendwie	424
spannend	424
landen	423
schien	423
verteidigen	423
letzter	422
vierte	422
moderne	421
wesentlich	421
österreichische	421
verweist	420
weißen	420
erläutert	419
öfter	419
angezeigt	418
holt	418
rät	418
schnellen	418
abgeben	417
drauf	417
durften	417
verdienen	417
dauerhaft	416
getragen	416
gewarnt	416
lasse	416
zitiert	416
falschen	415
halt	415
klaren	415
umso	415
gehörte	414
geringer	414
gescheitert	414
brach	413
kündigt	413
unbekannten	413
erlitten	412
verantworten	412
vorgenommen	412
allzu	411
geschätzt	411
komplette	411
nochmals	411
umgehen	411
entwickelte	410
mehrmals	410
türkischen	410
kleineren	408
dicht	407
einfache	407
gebraucht	407
generell	407
konkreten	407
beantworten	406
drehen	406
einschließlich	406
erhöhte	406
scharf	406
beliebte	405
vereinzelt	405
dreht	404
genannten	404
zogen	404
anlässlich	403
hergestellt	403
schicken	403
belassen	402
folgenden	402
gelegen	402
enthält	401
ruhig	401
sinken	401
zuversichtlich	401
klein	400
militärische	400
nachhaltige	400
vorgelegt	399
ausgebaut	398
circa	398
fit	398
präsentierte	398
ungefähr	398
öffnet	398
angepasst	397
fortgesetzt	397
damalige	396
kehrt	396
sterben	396
verkündet	396
zeichnet	396
bayerischen	395
halte	395
vergleichsweise	395
hielten	394
reisen	394
schätzt	394
begrüßt	393
gerecht	393
interessant	393
jener	393
verschoben	393
zentralen	393
erzielen	392
stiegen	392
untergebracht	392
verbindet	392
erhielten	391
gebürtige	391
reagierte	391
rote	391
vorübergehend	391
erhebliche	390
enger	389
geschehen	389
getrennt	389
regionalen	389
angesprochen	388
bewertet	388
bildet	388
gefolgt	388
hauptsächlich	388
saniert	388
spanischen	388
beachten	387
diskutieren	387
trocken	387
verpassen	387
berücksichtigt	386
fehlte	386
verlegt	386
besonderes	384
deutlichen	384
erhoben	384
langjährige	384
spannende	384
vermutet	384
übrig	384
abhängig	383
erschienen	383
schwieriger	383
drin	382
falls	382
jederzeit	382
erschien	381
genaue	381
entscheidenden	380
gestanden	380
gestoppt	380
verzichtet	380
alarmiert	379
geschützt	379
letztes	379
schlicht	379
volle	379
wechselte	379
erstellt	378
heiß	378
lieben	378
vorab	378
verfügen	377
zurückkehren	377
etliche	376
senken	376
umgehend	376
bewölkt	375
engagiert	375
städtischen	375
verstanden	375
beinahe	374
heisst	374
kräftig	374
militärischen	374
entscheidende	373
künftige	373
steigern	373
aufgehoben	372
betreiben	372
extra	372
italienische	372
russischer	372
befreien	371
beziehen	371
breit	371
mutmaßliche	371
optimistisch	371
sämtliche	371
diejenigen	370
dreimal	370
habt	370
massive	370
nachts	370
schwarze	370
vielmehr	370
üblich	370
erzählte	369
medizinische	369
leichten	368
stabil	368
laufende	367
solches	367
voraus	367
gelingen	366
installiert	366
beteiligen	365
geholfen	365
anhand	364
beteiligten	364
erkannt	363
registriert	363
angeht	362
demnächst	362
scheiterte	362
überlegen	362
durchsetzen	361
trainiert	361
wahr	361
direkte	360
folgten	360
versteht	360
verteidigt	360
beider	359
erfolgte	359
getestet	359
sicherte	359
wonach	359
blicken	358
aufeinander	357
liebe	357
oftmals	357
abgesagt	356
eingeschränkt	356
mitunter	356
erstmal	355
gestiegenen	355
löst	355
angehoben	354
echt	354
notwendigen	354
vermehrt	354
zweiter	354
großem	353
rechte	353
tiefer	353
versorgen	353
zeige	353
aussieht	352
gesund	352
produzieren	352
traditionell	352
befreit	351
beweisen	351
breite	351
erheblichen	351
günstig	350
neuesten	350
erreichbar	349
nah	349
willkommen	349
zugänglich	349
bestellt	348
warnen	348
zurzeit	348
bot	347
dankbar	347
beantragt	346
harte	346
schönsten	346
besetzten	345
hinein	345
konfrontiert	345
leidet	345
verschwunden	345
überprüft	345
einstimmig	344
geflogen	344
türkische	344
hohem	343
medizinischen	343
morgens	343
abseits	342
klassische	342
negativ	342
weisen	342
gesetzlichen	341
konzentriert	341
kurzem	341
lokalen	341
überprüfen	341
eingereicht	340
englischen	340
feststellen	340
geworfen	340
nutzte	340
total	340
unverletzt	340
minus	339
parallel	339
sprachen	339
zweier	339
unglaublich	338
eingegangen	337
festgelegt	337
künftigen	337
vollen	337
zugelassen	337
dein	336
hinterlassen	336
mehrerer	336
spielten	336
weitergeht	336
absolviert	335
derart	335
erinnerte	335
lobte	335
sahen	335
gelaufen	334
reichlich	334
solch	334
stimmen	334
begleiten	333
landet	333
wodurch	333
begründet	332
bestens	332
riesigen	332
solange	332
späteren	332
unbekannter	332
dachte	331
erläuterte	331
erstellen	331
gewährleisten	331
heftig	331
informierte	331
unmöglich	331
einfachen	330
enden	330
entfernen	330
richten	330
stieß	330
verzeichnet	330
globale	329
legten	329
regionale	329
ehrlich	328
gespannt	328
betrug	327
infrage	327
perfekte	327
verbinden	327
normalen	326
stärksten	326
ergänzte	325
gefüllt	325
jetzigen	325
niedrigen	325
rückt	325
spezielle	325
vermitteln	325
bester	324
binnen	324
darstellen	324
jüdischen	324
nehme	324
starker	324
steigende	324
tödlichen	324
wirtschaftlich	324
gezwungen	323
linke	323
beeinflussen	322
besitzen	322
ergibt	322
genauen	322
musikalische	321
spürbar	321
trainieren	321
zumal	321
absolute	320
anstehenden	320
begrenzt	320
gemessen	320
handele	320
ungewöhnlich	320
vorsichtig	320
aufbauen	319
fließen	319
schuldig	319
schwierige	319
verlässt	319
ähnlichen	319
äußert	319
dauerte	318
sank	318
befürchtet	317
freilich	317
hinterher	317
teilten	317
vermittelt	317
gewachsen	316
nationale	316
sobald	316
wichtiges	316
amerikanische	315
grossen	315
stattfindet	315
blockiert	314
empfehlen	314
entspannt	314
eröffnen	314
geschossen	314
traditionelle	314
vorliegenden	314
belastet	313
bezieht	313
garantiert	313
regnet	313
verhalten	313
warm	313
weiße	313
empfangen	312
gedreht	312
krank	312
sichere	312
zukünftig	312
bestehe	311
gewissen	311
nächstes	311
örtlichen	311
befragt	310
fühle	310
jemanden	310
keinerlei	310
riesige	310
sicheren	310
umsetzen	310
verletzten	310
grosse	309
meistens	309
vorzeitig	309
geeinigt	308
gegenseitig	308
gesenkt	308
mittleren	308
niedriger	308
stelle	308
stößt	308
weitergehen	308
wohnen	308
zweites	308
bemüht	307
schätzen	307
weltweiten	307
analysiert	306
bemerkt	306
freute	306
jenen	306
treibt	306
verschiedener	306
wirkte	306
angemeldet	305
engen	305
erkennt	305
kümmert	305
monatlich	305
reichte	305
unteren	305
befanden	304
berühmten	304
dortigen	304
gestürzt	304
konsequent	304
tödlich	304
verliehen	304
beschrieben	303
fragte	303
gelöst	303
jüngeren	303
beantwortet	302
derzeitigen	302
geborgen	302
verheiratet	302
zurückzuführen	302
notwendige	301
weite	301
fehlende	300
fünfte	300
mutmaßlich	300
nötige	300
angebracht	299
eineinhalb	299
enorme	299
harten	299
löschen	299
sinkt	299
verhandelt	299
wohnt	299
breiten	298
deutlicher	298
fuhren	298
unterdessen	298
längeren	297
unverändert	297
diversen	296
führenden	296
gäbe	296
herzlich	296
leitete	296
löste	296
seither	296
aufgefallen	295
gemeint	295
umstrittenen	295
besorgt	294
betragen	294
gefasst	294
jahrelang	294
kenne	294
oberen	294
fassen	293
geehrt	293
profitiert	293
sechsten	293
sportlichen	293
dorthin	292
erleichtert	292
gefährlichen	292
normalerweise	292
denkbar	291
forderten	291
sowieso	291
sportliche	291
täglichen	291
vereinbart	291
angegeben	290
betroffene	290
erneuten	290
feierten	290
organisieren	290
befürchten	289
bekamen	289
erleichtern	289
schildert	289
ausgehen	288
begrüßen	288
kontrollieren	288
passende	288
unterscheiden	288
verlief	288
aktiven	287
bedient	287
enge	287
schoss	287
testen	287
versteckt	287
wen	287
wenden	287
erweitern	286
heutige	286
abgesehen	285
anfangs	285
besuchte	285
freiwillig	285
heftigen	285
katholischen	285
nötigen	285
rückte	285
starkes	285
abends	284
ausgetragen	284
langjährigen	284
schlimm	284
stattgefunden	284
ausgegeben	283
gerät	283
gewünscht	283
jährlichen	283
trinken	283
zugunsten	283
ereignet	282
freigegeben	282
technisch	282
umfassende	282
gefährliche	281
hingewiesen	281
einerseits	280
fortsetzen	280
gelöscht	280
integriert	280
stehenden	280
untersuchen	280
verkündete	280
aktive	279
bezüglich	279
erwähnt	279
kommentiert	279
trennen	279
ausdrücklich	278
bewiesen	278
ehemaliger	278
hinsichtlich	278
hob	278
merkt	278
vorliegen	278
zuhause	278
anpassen	277
bereiten	277
deutet	277
menschliche	277
scheinbar	277
verstorbenen	277
angelegt	276
bewerten	276
fördert	276
geringen	276
handle	276
liest	276
speziellen	276
tat	276
angeklagt	275
begeistern	275
belegen	275
daß	275
erneuert	275
gehörten	275
halbes	275
spanische	275
starben	275
überschritten	275
bestand	274
geleistet	274
kämen	274
privat	274
regulären	274
auseinander	273
eröffnete	273
infolge	273
kalt	273
liebsten	273
locker	273
passenden	273
polnischen	273
erwischt	272
fürchten	272
lokale	272
treiben	272
akzeptieren	271
erledigt	271
gefühlt	271
kostete	271
politischer	271
reine	271
stimmte	271
üblichen	271
begegnen	270
erhöhten	270
fehlten	270
fügt	270
illegale	270
jemals	270
prallte	270
quer	270
sagten	270
eingestuft	269
erkennbar	269
genehmigt	269
schöner	269
frühzeitig	268
gewechselt	268
restlichen	268
toll	268
verlangen	268
sexuellen	267
sicherzustellen	267
veranstaltet	267
verbracht	267
vorgeschlagen	267
angesetzt	266
ausgebrochen	266
bitten	266
erworben	266
jüdische	266
durchs	265
erlebte	265
getreten	265
individuell	265
irgendwo	265
wahrgenommen	265
ansonsten	264
beantragen	264
begangen	264
behaupten	264
besonderer	264
geleitet	264
gewannen	264
nachhaltigen	264
rufen	264
still	264
stünden	264
verließ	264
wertvolle	264
hinnehmen	263
künstliche	263
liefen	263
verschärft	263
verstärken	263
gemeinsames	262
soweit	262
womit	262
betrachten	261
heimische	261
null	261
umzusetzen	261
verschwinden	261
ausgegangen	260
blauen	260
gestrichen	260
gestärkt	260
umfangreiche	260
vermeintlich	260
angesehen	259
anstatt	259
beliebtesten	259
eventuell	259
frischen	259
individuelle	259
liebt	259
wahren	259
bekämpfen	258
erzeugt	258
geladen	258
hierfür	258
lebte	258
empfohlen	257
negative	257
sofern	257
verteilen	257
bestimmen	256
selbstständig	256
übrigen	256
bunten	255
dramatisch	255
erarbeitet	255
erteilt	255
finanzieren	255
humanitäre	255
zustande	255
betonen	254
durchführen	254
maßgeblich	254
schlimmer	254
verlaufen	254
arbeite	253
eignet	253
entschlossen	253
griff	253
langem	253
versuche	253
bloß	252
bundesweiten	252
entdeckte	252
ermitteln	252
erschossen	252
erzeugen	252
kostenlose	252
tollen	252
transportiert	252
umstrittene	252
vorliegt	252
wuchs	252
beeinflusst	251
heftige	251
sage	251
siehe	251
unterhalb	251
zweieinhalb	251
drücken	250
dunklen	250
meldeten	250
vorläufig	250
zeitnah	250
angeschlossen	249
emotional	249
messen	249
rücken	249
versichert	249
vorläufigen	249
worauf	249
abschließend	248
attraktiv	248
ausbauen	248
bezogen	248
geringe	248
lehnt	248
menschlichen	248
verpasste	248
basiert	247
erhofft	247
mitnehmen	247
neuem	247
skeptisch	247
sportlich	247
suchte	247
verwandelt	247
diesjährige	246
echter	246
ehemals	246
festen	246
interessante	246
niemanden	246
einzusetzen	245
erneuerbaren	245
kritische	245
nutzten	245
optimal	245
präsent	245
schlimmsten	245
vorbereiten	245
westliche	245
abgestimmt	244
gesetzlich	244
hierbei	244
unterbrochen	244
verriet	244
beendete	243
digital	243
hab	243
negativen	243
nieder	243
wünsche	243
allgemeine	242
erfreut	242
festgehalten	242
individuellen	242
räumte	242
teure	242
versprochen	242
vorherigen	242
aufgewachsen	241
bemerkbar	241
daneben	241
fehlenden	241
größter	241
häufigsten	241
identifiziert	241
keineswegs	241
verabschieden	241
weiten	241
dargestellt	240
einziges	240
hervorgeht	240
lauter	240
meines	240
souverän	240
untersagt	240
verlängern	240
attraktiver	239
bewältigen	239
enormen	239
gezahlt	239
verringern	239
überlassen	239
aufzubauen	238
beigetragen	238
benachbarten	238
eingeliefert	238
flüchtete	238
gelandet	238
halb	238
kommentierte	238
kritisieren	238
mögen	238
übersehen	238
attackiert	237
ausgefallen	237
ausgestellt	237
kommend	237
langfristige	237
musst	237
zählte	237
abgebrochen	236
demokratischen	236
fraglich	236
führe	236
heiße	236
kollidierte	236
kontinuierlich	236
ran	236
wahre	236
angefangen	235
beschleunigen	235
normale	235
singen	235
wider	235
bewahren	234
frische	234
gehöre	234
geschieht	234
hebt	234
illegal	234
jüngere	234
klappt	234
klarer	234
umfassenden	234
vermuten	234
zugenommen	234
zugesagt	234
zurückgegangen	234
ausgewählt	233
eingebrochen	233
lieferte	233
daheim	232
dankte	232
drehte	232
kehrte	232
niedrig	232
passierte	232
stetig	232
traten	232
unterschrieben	232
allgemein	231
antwortete	231
beauftragt	231
begründete	231
definiert	231
erwarteten	231
herrschte	231
überlegt	231
absolvierte	230
bezeichnen	230
erfordert	230
nachgewiesen	230
schwachen	230
verstorben	230
aufzunehmen	229
durchgesetzt	229
erneute	229
erwerben	229
flog	229
fällig	229
geteilt	229
heran	229
illegalen	229
kommunalen	229
kostenlosen	229
kritischen	229
lud	229
verbundenen	229
zufällig	229
andererseits	228
angrenzenden	228
beruflichen	228
eigentliche	228
erfuhr	228
legendären	228
ländlichen	228
reist	228
südlichen	228
vollem	228
vollkommen	228
vorigen	228
benutzt	227
beschreiben	227
bricht	227
ermordet	227
erwiesen	227
südlich	227
verhaftet	227
wenigsten	227
abgerissen	226
richtete	226
schießen	226
teilgenommen	226
ursprünglichen	226
wem	226
wenigstens	226
zwingend	226
anfangen	225
bekanntlich	225
evakuiert	225
ganzes	225
integrieren	225
internen	225
potenzielle	225
schlafen	225
unbekannt	225
anzubieten	224
gesetzliche	224
hessischen	224
rechtlichen	224
sicherer	224
spart	224
versprechen	224
älteste	224
allesamt	223
brechen	223
eigentlichen	223
erlauben	223
formuliert	223
gutem	223
japanischen	223
motiviert	223
räumt	223
schlugen	223
ukrainischer	223
umstritten	223
zugestimmt	223
älter	223
absolvieren	222
abzuwarten	222
anhaltenden	222
bat	222
begrüßte	222
beklagt	222
betreten	222
bewerben	222
bunte	222
erwarte	222
gemäß	222
größtenteils	222
günstigen	222
identifizieren	222
jung	222
streng	222
tiefe	222
verzeichnen	222
wisse	222
bemerkte	221
derartige	221
een	221
hilfreich	221
körperlich	221
problemlos	221
stärkste	221
vorgehen	221
wirbt	221
allgemeinen	220
altes	220
ausgebildet	220
betreffen	220
fliegt	220
gekostet	220
kalten	220
kassiert	220
lacht	220
nominiert	220
notiert	220
schwedischen	220
seid	220
setze	220
sexuelle	220
stoßen	220
angemessen	219
angesagt	219
begannen	219
empfängt	219
müsst	219
stimmten	219
umfangreichen	219
verdoppelt	219
verhandeln	219
verursachen	219
behandeln	218
gerissen	218
leiten	218
psychischen	218
unternehmen	218
anschauen	217
benannt	217
errichten	217
geborene	217
gewusst	217
gewährt	217
hoffentlich	217
leistet	217
prüft	217
vielfach	217
wachsenden	217
eingebracht	216
engagieren	216
gefährlicher	216
grünes	216
hohes	216
klares	216
käme	216
ots	216
psychische	216
unabhängige	216
versetzt	216
vielerorts	216
werben	216
studiert	215
tiefen	215
veröffentlichen	215
warmen	215
wofür	215
zurückgekehrt	215
eigens	214
entlasten	214
geschah	214
jährliche	214
seltener	214
spannenden	214
versprach	214
wohin	214
aufgegeben	213
einziger	213
gebrochen	213
gezählt	213
musikalischen	213
mächtig	213
steuern	213
töten	213
vielfältig	213
angeordnet	212
eingehen	212
gelesen	212
islamistischen	212
nördlichen	212
potenziellen	212
rechtliche	212
aufgeben	211
aufstellen	211
beläuft	211
berühmte	211
gelangt	211
lautete	211
lustig	211
mancher	211
mehrheitlich	211
schade	211
schickt	211
spezialisiert	211
suchten	211
traurig	211
abermals	210
aufgelöst	210
ausverkauft	210
brannte	210
einbringen	210
erlassen	210
füllen	210
gelebt	210
gerichtet	210
locken	210
benötigten	209
effektiv	209
einstigen	209
erschüttert	209
vertraut	209
auswärts	208
dementsprechend	208
existiert	208
gesunde	208
lehnte	208
mobile	208
verglichen	208
vermeintlichen	208
verzeichnete	208
zerstören	208
zügig	208
aufgetaucht	207
entsprechen	207
erreichten	207
kassierte	207
klettern	207
verdanken	207
verläuft	207
versehen	207
zeitgleich	207
anerkannt	206
dunkle	206
einander	206
internationaler	206
jenseits	206
nunmehr	206
schwach	206
sichtlich	206
studierte	206
beides	205
etabliert	205
euer	205
kompliziert	205
abgebaut	204
aktueller	204
ausprobieren	204
auswirken	204
gefährden	204
griechischen	204
höchst	204
rechtlich	204
spektakulären	204
verurteilte	204
wussten	204
wählt	204
befasst	203
drastisch	203
ehrenamtlich	203
gewährleistet	203
half	203
sicherstellen	203
verheerenden	203
angehen	202
behauptete	202
entwendet	202
geregelt	202
gleichermaßen	202
kreative	202
punkten	202
seinerzeit	202
teuren	202
umgebaut	202
unterzeichnet	202
widmet	202
absoluten	201
angebliche	201
beeindruckt	201
berücksichtigen	201
durchsucht	201
erledigen	201
exakt	201
knappen	201
nachvollziehen	201
natürlichen	201
riesig	201
absehbar	200
aggressiv	200
agieren	200
bekanntesten	200
belegte	200
festhalten	200
heutzutage	200
letztendlich	200
perfekten	200
unterhalten	200
verarbeitet	200
wachsende	200
aufhalten	199
ausgeben	199
decken	199
erstaunlich	199
fließt	199
friedlich	199
hervorragend	199
innovative	199
kauft	199
oberhalb	199
strategische	199
verhängt	199
überfallen	199
angehalten	198
ansehen	198
ausgetauscht	198
auslösen	198
dato	198
gebildet	198
ideal	198
korrekt	198
lernt	198
lobt	198
nördlich	198
vollständige	198
baute	197
bedankte	197
breiter	197
eingehalten	197
fair	197
intensive	197
lauten	197
nachvollziehbar	197
verbesserte	197
vorhandenen	197
zustimmen	197
anscheinend	196
beinhaltet	196
beschränkt	196
darstellt	196
echtes	196
fossilen	196
hochwertige	196
intensiven	196
langfristigen	196
möglicher	196
offener	196
pünktlich	196
qualifiziert	196
üben	196
angeblichen	195
bedingt	195
begeben	195
bekomme	195
fehle	195
lebende	195
spiele	195
verbieten	195
wiederholen	195
anderthalb	194
ausgelegt	194
genießt	194
geräumt	194
gesichtet	194
höchstens	194
orientieren	194
tausend	194
unterscheidet	194
vertritt	194
zentral	194
ausgerichtet	193
bayerische	193
beschloss	193
brauchte	193
drohte	193
drückt	193
ergreifen	193
gegebenenfalls	193
hörte	193
klimaneutral	193
lockt	193
operative	193
realistisch	193
scheitern	193
belohnt	192
bevorstehenden	192
bremsen	192
einstige	192
extremen	192
fester	192
inmitten	192
reiche	192
schickte	192
stuft	192
verschieben	192
zahlreicher	192
angekündigten	191
angespannt	191
drängt	191
erfolgreichsten	191
explizit	191
heben	191
verstecken	191
bedienen	190
bestellen	190
bestreiten	190
dokumentiert	190
interessieren	190
körperliche	190
organisierte	190
parat	190
verschaffen	190
verstehe	190
überwinden	190
anschließenden	189
brennt	189
erklärten	189
erwartete	189
stemmen	189
abgenommen	188
ausgeglichen	188
deutschlandweit	188
einzig	188
erfolglos	188
erfährt	188
exklusiv	188
freiem	188
holten	188
natürliche	188
runter	188
schießt	188
unterstützte	188
vereint	188
verleihen	188
vorlegen	188
überlebt	188
ausländische	187
ehrenamtlichen	187
einzigartige	187
emotionale	187
getrieben	187
gänzlich	187
kompletten	187
missbraucht	187
singt	187
verwiesen	187
aufgefunden	186
beeinträchtigt	186
bestraft	186
gestoßen	186
verstarb	186
verständigt	186
aufhören	185
einziehen	185
freundlich	185
fühlte	185
kurzzeitig	185
präsentierten	185
vergeblich	185
vermieden	185
vertrauen	185
zurückgewiesen	185
ankommen	184
anmelden	184
bringe	184
durchzuführen	184
einsetzt	184
folgende	184
frontal	184
gefangen	184
japanische	184
keinesfalls	184
realisiert	184
unzählige	184
vielfältige	184
zukünftige	184
zunehmenden	184
übers	184
ausgeliefert	183
beruflich	183
besetzen	183
gratis	183
lebten	183
umliegenden	183
angekündigte	182
auszubauen	182
belasten	182
demokratische	182
genossen	182
herstellen	182
körperlichen	182
siebten	182
ankommt	181
auszugehen	181
biete	181
deinem	181
elektronischen	181
englische	181
feste	181
kämpfte	181
platziert	181
regelmäßige	181
sammelt	181
stören	181
versicherte	181
wesentliche	181
ältesten	181
angefahren	180
beschleunigt	180
cool	180
erzielten	180
externe	180
gegenwärtig	180
günstige	180
leeren	180
nächster	180
scharfe	180
schwarz	180
städtische	180
tanzen	180
vermeintliche	180
abstimmen	179
annehmen	179
bequem	179
brutal	179
engagierte	179
gefehlt	179
genannte	179
gereist	179
intensiver	179
kaputt	179
schmeckt	179
schönes	179
weichen	179
abgestellt	178
argumentiert	178
eingebunden	178
erstattet	178
gelegenen	178
geradezu	178
mobilen	178
potenziell	178
sauber	178
stehende	178
stärkere	178
weitaus	178
zurecht	178
angetreten	177
besseres	177
ernsthaft	177
gegründete	177
gekämpft	177
gemäss	177
kühlen	177
lebenden	177
spekuliert	177
spontan	177
ungeklärter	177
voneinander	177
wendet	177
zehnten	177
zerstörten	177
aktualisiert	176
ausländischen	176
berechnet	176
böse	176
eignen	176
elektronische	176
erkunden	176
frühe	176
intern	176
interne	176
kriegen	176
plädiert	176
schwedische	176
umgeleitet	176
ausgeweitet	175
beklagen	175
saßen	175
schrittweise	175
spiegelt	175
taucht	175
unerwartet	175
bekräftigte	174
blockieren	174
dazwischen	174
geflüchtet	174
gewartet	174
gleichnamigen	174
inneren	174
trugen	174
unmittelbarer	174
vorzubereiten	174
wunderbar	174
abgeholt	173
befinde	173
behoben	173
bekanntgegeben	173
belaufen	173
demonstrieren	173
durchgehend	173
eingebaut	173
euren	173
maximale	173
umgerechnet	173
verständlich	173
verteidigte	173
überzeugte	173
angestiegen	172
befuhr	172
begeisterte	172
bekräftigt	172
benutzen	172
beschließen	172
bestanden	172
deuten	172
eingezogen	172
installieren	172
kennengelernt	172
kontrollierten	172
solide	172
umgekehrt	172
ausweichen	171
beliebter	171
entwickelten	171
führende	171
gebunden	171
merken	171
musikalisch	171
positives	171
unabhängigen	171
abgekommen	170
akzeptiert	170
anbietet	170
beleidigt	170
berührt	170
geschenkt	170
jegliche	170
laufe	170
springt	170
treu	170
ungewöhnlichen	170
verfügbaren	170
wagen	170
bedenken	169
befragten	169
eigenem	169
ergriffen	169
etablieren	169
gebucht	169
nein	169
sexuell	169
sichert	169
ungewöhnliche	169
verbaut	169
bestreitet	168
derzeitige	168
eingenommen	168
eingeräumt	168
eingeschlagen	168
erfahrene	168
finalen	168
geltenden	168
gründete	168
langsamer	168
schaden	168
vergleichen	168
verringert	168
wehren	168
ausgestrahlt	167
bereitgestellt	167
beschlagnahmt	167
beschädigte	167
beworben	167
derselben	167
eingeklemmt	167
flexibel	167
flüchten	167
gestrigen	167
hunderte	167
mahnte	167
mitbringen	167
oberste	167
polnische	167
problematisch	167
rechtskräftig	167
regiert	167
rutschte	167
siegte	167
strategischen	167
telefonisch	167
verschafft	167
zwingen	167
angetan	166
ausgeführt	166
dominiert	166
fleißig	166
großartig	166
historisch	166
raten	166
weh	166
zugelegt	166
östlichen	166
überfordert	166
analysieren	165
ausgewählten	165
besprochen	165
bitter	165
buchen	165
drängen	165
elektrische	165
freiwillige	165
gestört	165
inszeniert	165
kannte	165
offensiv	165
vorgeführt	165
zitierte	165
zukommen	165
überleben	165
alternative	164
bedeute	164
berufen	164
deinen	164
einnehmen	164
erforderlichen	164
europäischer	164
konstant	164
lohnen	164
strebt	164
streiten	164
vielfältigen	164
vun	164
weitermachen	164
zugute	164
zunehmende	164
örtliche	164
amtierende	163
auffällig	163
ausführlich	163
demonstriert	163
entdeckten	163
externen	163
fliehen	163
jenem	163
jeweilige	163
männlichen	163
protestieren	163
rot	163
tagsüber	163
unterstreicht	163
zumeist	163
arabischen	162
dasselbe	162
digitaler	162
klingen	162
kombiniert	162
mitmachen	162
organisierten	162
qualifizierte	162
spenden	162
steigender	162
stirbt	162
streichen	162
unternommen	162
viermal	162
virtuellen	162
ausverkauften	161
beeindruckend	161
belarussische	161
dieselbe	161
einsteigen	161
endgültige	161
gekündigt	161
gesteckt	161
gewidmet	161
ignoriert	161
inspiriert	161
mithalten	161
müde	161
serviert	161
technischer	161
typischen	161
unterstützten	161
vornehmen	161
warme	161
weltweite	161
aufgeführt	160
ausgewertet	160
jubeln	160
regelmäßigen	160
stabile	160
tauchen	160
tausende	160
transportieren	160
umfassend	160
unnötig	160
alarmierte	159
anwesend	159
arbeiteten	159
besprechen	159
beweist	159
ernannt	159
fasst	159
gegeneinander	159
gesunden	159
gross	159
renommierten	159
spätere	159
stattfand	159
verbreiten	159
verpflichten	159
wesentlichen	159
zurückgezogen	159
bunt	158
dat	158
erschwert	158
fertiggestellt	158
kalte	158
mitgenommen	158
okay	158
prominente	158
sauer	158
schützt	158
springen	158
träumen	158
vorantreiben	158
aktiviert	157
aufwendig	157
ausrücken	157
ausschließen	157
benötigte	157
besuchten	157
blaue	157
dramatischen	157
fing	157
fix	157
freier	157
gedauert	157
grundlegende	157
kulturelle	157
praktische	157
regelrecht	157
schafften	157
sprang	157
untereinander	157
verbraucht	157
verkaufte	157
vorwiegend	157
wieso	157
zukünftigen	157
beeindruckende	156
diesbezüglich	156
entnommen	156
erarbeiten	156
katholische	156
kommunizieren	156
leise	156
professionell	156
rasant	156
schilderte	156
unsicher	156
unzufrieden	156
verliebt	156
zwanzig	156
bekannter	155
ehrenamtliche	155
extreme	155
fängt	155
geschleudert	155
gestimmt	155
hervorragende	155
kochen	155
komplexe	155
sozial	155
toten	155
versammelt	155
zurückgreifen	155
überholt	155
allerlei	154
anhaltende	154
dritter	154
erholt	154
erobert	154
geeigneten	154
großartige	154
herzustellen	154
niemandem	154
sexueller	154
starteten	154
verzögert	154
vorm	154
zeitlich	154
überaus	154
abwarten	153
attraktive	153
ausgezahlt	153
bildete	153
birgt	153
entführt	153
entstandene	153
erholen	153
eskaliert	153
gründen	153
humanitären	153
optimale	153
schneiden	153
schockiert	153
schwache	153
solltest	153
sonntags	153
teilzunehmen	153
voranzutreiben	153
woraufhin	153
wütend	153
zeichnen	153
änderte	153
abschließen	152
allmählich	152
antwortet	152
ausfällt	152
ausgeht	152
berechtigt	152
beruhigen	152
durchzusetzen	152
freiwilligen	152
gesteigert	152
gestiegene	152
krachte	152
postete	152
stört	152
verarbeiten	152
austauschen	151
bestritten	151
entgehen	151
hinteren	151
niederländische	151
personelle	151
relevant	151
räumen	151
rückten	151
schlussendlich	151
spürt	151
teilnehmenden	151
tschechischen	151
zusammengefasst	151
abgelaufenen	150
bearbeitet	150
bewaffneten	150
brasilianischen	150
erfolgreicher	150
erneuerbare	150
gedroht	150
gepflegt	150
geringere	150
interessierte	150
kostenfrei	150
künstlichen	150
lachen	150
landesweit	150
polizeilichen	150
stationären	150
typische	150
umzugehen	150
unweit	150
vergewaltigt	150
zulegen	150
abgeschleppt	149
abgesetzt	149
appelliert	149
deiner	149
festlegen	149
gezielte	149
innere	149
kommuniziert	149
markiert	149
politisches	149
schwimmen	149
sozusagen	149
tödliche	149
vormals	149
wartete	149
wild	149
wollt	149
aufkommen	148
befassen	148
entstandenen	148
evangelischen	148
grössten	148
größerer	148
inhaltlich	148
kennenlernen	148
klagen	148
konservativen	148
leid	148
neueste	148
probieren	148
riefen	148
thematisiert	148
verbrachte	148
weiblichen	148
wirksam	148
zugezogen	148
anzupassen	147
beurteilen	147
eingelegt	147
einzigartigen	147
früherer	147
kündigen	147
mitteilten	147
moderner	147
operiert	147
tatsächlichen	147
unangenehm	147
verdiente	147
weitestgehend	147
widmen	147
ökologischen	147
übersah	147
abgeschossen	146
angerichtet	146
beziffert	146
entfallen	146
entfernte	146
entsprechender	146
erheben	146
erkannte	146
fairen	146
geflohen	146
geklappt	146
gelegentlich	146
gespendet	146
getöteten	146
gewaltsam	146
lernte	146
männliche	146
passte	146
professionelle	146
realisieren	146
runden	146
tolles	146
umfassen	146
vergleichbar	146
warfen	146
überraschen	146
bemühen	145
brennen	145
emotionalen	145
ergänzen	145
gedrückt	145
gewünschten	145
liebevoll	145
lieferten	145
passend	145
pflegen	145
reagierten	145
rettete	145
sogenannter	145
spielerisch	145
stürzen	145
verbliebenen	145
vorgesehenen	145
überqueren	145
übersetzt	145
angeschaut	144
beschrieb	144
brachen	144
brutalen	144
bundesweite	144
entlastet	144
entsetzt	144
erfahrenen	144
ewig	144
hinterlässt	144
ideale	144
knappe	144
konservative	144
kriminellen	144
redet	144
seltenen	144
verweigert	144
woher	144
zuverlässig	144
überreicht	144
anhalten	143
auszuschließen	143
breites	143
effizienter	143
flüchteten	143
herauszufinden	143
mäßig	143
niedrige	143
queere	143
studieren	143
ungeschlagen	143
ursprüngliche	143
verankert	143
verfehlt	143
verschärfen	143
verwandelte	143
verwickelt	143
zurückhaltend	143
zurückliegenden	143
abgeschnitten	142
anderswo	142
bekämpft	142
einverstanden	142
gemerkt	142
geschlossenen	142
hintereinander	142
indirekt	142
prognostiziert	142
sammelte	142
scheitert	142
tragischen	142
trockenen	142
unglaubliche	142
zulassen	142
zutiefst	142
afrikanischen	141
ausüben	141
beleuchtet	141
beschädigten	141
einfahren	141
eingreifen	141
einzelner	141
elektrischen	141
gewaltig	141
glatt	141
grün	141
grüner	141
kommunale	141
mutig	141
optimieren	141
umkämpften	141
ungewiss	141
vermissen	141
vermissten	141
weibliche	141
weitergegeben	141
aufpassen	140
ausgeschrieben	140
australischen	140
bedanken	140
beseitigen	140
bittere	140
eingesetzten	140
fir	140
fortan	140
fündig	140
gedrängt	140
geringeren	140
iranischen	140
leere	140
nebenbei	140
tauchte	140
verbreitete	140
verfasst	140
verlangte	140
zivile	140
überarbeitet	140
angesiedelt	139
begegnet	139
berufliche	139
beseitigt	139
bestritt	139
dauerhafte	139
ergaben	139
gastiert	139
hierzu	139
kürzester	139
selbstbewusst	139
theoretisch	139
unterstütze	139
verstoßen	139
zugreifen	139
übergab	139
anwesenden	138
bedarf	138
befunden	138
bestätigten	138
brennenden	138
dänischen	138
entsorgt	138
indischen	138
komplexen	138
qualitativ	138
vergangenes	138
versammelten	138
verwandeln	138
wahnsinnig	138
zentraler	138
überraschende	138
überraschenden	138
abgeschafft	137
aufgetreten	137
ausgerufen	137
außergewöhnlich	137
bergen	137
effizient	137
einzigartig	137
entziehen	137
etlichen	137
gewähren	137
kurzerhand	137
künstlicher	137
kürzer	137
lebe	137
mitbekommen	137
nachweisen	137
operativen	137
schieben	137
schlechtes	137
strengen	137
umgestellt	137
umsonst	137
zulässig	137
ärgert	137
ansprechen	136
anstehende	136
beeindruckenden	136
berät	136
bevorzugt	136
dunkel	136
entkommen	136
erfunden	136
gekürt	136
gemütlich	136
gesprengt	136
gültig	136
herausfinden	136
hiess	136
höre	136
kriminelle	136
merkte	136
mittelfristig	136
sozialer	136
steckte	136
tägliche	136
tätigen	136
ähnliches	136
abgedeckt	135
anschließen	135
attraktiven	135
beruhigt	135
buntes	135
erkrankt	135
grundlegend	135
mahnt	135
mangelnde	135
orientiert	135
realen	135
repariert	135
schönste	135
steuert	135
stärkt	135
unterlag	135
verdienten	135
weiss	135
übt	135
agiert	134
angeführt	134
derer	134
dünn	134
eurer	134
freitags	134
geeignete	134
gereicht	134
gerieten	134
inne	134
klagt	134
liegenden	134
nachhaltiger	134
reinen	134
vergangener	134
verschwindet	134
vorkommen	134
wehrt	134
absoluter	133
alias	133
ausgewählte	133
dortige	133
eingetroffen	133
garantieren	133
gerechtfertigt	133
gesundheitliche	133
rasche	133
sächsischen	133
tote	133
unterm	133
untersuchten	133
verabschiedete	133
wilden	133
zivilen	133
ausgleichen	132
belgischen	132
eingefahren	132
einheitliche	132
erwähnte	132
frischer	132
iranische	132
lautstark	132
mittlere	132
rechtsextremen	132
unglücklich	132
unterrichtet	132
verhinderte	132
verleiht	132
vonseiten	132
vorhandene	132
wilde	132
wählte	132
wünschte	132
übertroffen	132
abgehalten	131
abholen	131
andauern	131
appellierte	131
ausreichen	131
ausrichten	131
begrenzten	131
beschert	131
entscheidender	131
entzogen	131
finale	131
gedeckt	131
gelben	131
kriegt	131
kritisierten	131
manch	131
reißen	131
ruhiger	131
scharfen	131
schenken	131
schwärmt	131
verursachte	131
vorsorglich	131
angreifen	130
anzunehmen	130
aufweisen	130
diente	130
entnehmen	130
ginge	130
kehren	130
kreativen	130
kulturellen	130
ließe	130
meistern	130
mitgebracht	130
nachdenken	130
reich	130
schwarzer	130
sechste	130
traurige	130
vorangetrieben	130
wenngleich	130
drückte	129
eindrucksvoll	129
gefreut	129
gleicht	129
goldenen	129
griffen	129
kanadischen	129
längerer	129
meiste	129
vegane	129
verrückt	129
verschickt	129
verweisen	129
wovon	129
angeschlagen	128
bedeutende	128
bevorstehende	128
billiger	128
existieren	128
fasste	128
gesungen	128
größeres	128
nachträglich	128
offenbart	128
reiste	128
seltene	128
senden	128
stärkeren	128
vorgegangen	128
wandte	128
weht	128
öffnete	128
ass	127
aufgegriffen	127
dicke	127
fokussiert	127
freigelassen	127
gespeichert	127
gewandt	127
hessische	127
innovativen	127
mitteilen	127
regeln	127
rollt	127
russisches	127
spektakuläre	127
trockenes	127
tue	127
wahrnehmen	127
zunehmen	127
akuten	126
berühmt	126
enthüllt	126
entsprechendes	126
erfolgreichste	126
geschuldet	126
herrschen	126
kämpften	126
künstlerischen	126
leistete	126
liess	126
nutzbar	126
primär	126
satte	126
schriftlich	126
vereinbarten	126
zeichnete	126
öffentlicher	126
überstanden	126
überwachen	126
aufrecht	125
aufzustellen	125
befindlichen	125
bemerkenswert	125
beschäftigte	125
fehlender	125
gerückt	125
optisch	125
positioniert	125
präzise	125
stationiert	125
trage	125
trauen	125
unterstrich	125
vergangen	125
virtuelle	125
woran	125
zugrunde	125
überholen	125
überwunden	125
anlegen	124
behält	124
binden	124
drohenden	124
eingeplant	124
eingeschaltet	124
entfernten	124
fürchtet	124
gestaltete	124
gewählten	124
herunter	124
längerem	124
nass	124
nervös	124
protestiert	124
qualifizieren	124
relevanten	124
stießen	124
umgeben	124
weitergeben	124
wöchentlich	124
antisemitischen	123
aufgebrochen	123
ausprobiert	123
erstreckt	123
fasziniert	123
freuten	123
gegnerischen	123
gehofft	123
gesteuert	123
inspirieren	123
legal	123
professionellen	123
schnellere	123
sorgfältig	123
tatsächliche	123
tschechische	123
typisch	123
verschwand	123
warb	123
zielt	123
aneinander	122
bereitete	122
beschossen	122
betreuen	122
fangen	122
fern	122
fotografiert	122
frühestens	122
gebrannt	122
gescheiterten	122
gewürdigt	122
gründlich	122
herkömmlichen	122
jubelt	122
kontrollierte	122
persönlicher	122
prominenten	122
schuld	122
spreche	122
verhält	122
weitreichende	122
zerstörte	122
alarmierten	121
auflaufen	121
augenscheinlich	121
befördert	121
begrenzen	121
beobachtete	121
bestehend	121
brasilianische	121
drüber	121
einladen	121
grauen	121
kreativ	121
lehnen	121
montiert	121
neunten	121
rechtfertigen	121
riss	121
schwächer	121
unterzogen	121
verließen	121
verzweifelt	121
wiederholten	121
amtierenden	120
anknüpfen	120
antisemitische	120
auskommen	120
beherrscht	120
beklagte	120
gegessen	120
geparkten	120
gewöhnt	120
hiesigen	120
internationales	120
konsumiert	120
langweilig	120
packen	120
prompt	120
reißt	120
sang	120
schnelles	120
starkem	120
steuerte	120
ungarischen	120
unterschätzt	120
verwundert	120
zurückziehen	120
abgelegt	119
angereist	119
bedeutete	119
bewegte	119
boten	119
dramatische	119
einkaufen	119
erfordern	119
gegründeten	119
geheim	119
gemütlichen	119
gewöhnlich	119
hinweisen	119
klärt	119
kollidiert	119
lenken	119
lägen	119
minimieren	119
moderiert	119
nachgefragt	119
psychisch	119
schrecklichen	119
sprich	119
staatlich	119
strategisch	119
unzähligen	119
werdenden	119
wirst	119
woanders	119
abgesichert	118
ausmacht	118
einigermaßen	118
exklusiven	118
flach	118
gelobt	118
geltend	118
gleicher	118
het	118
jüngster	118
kanadische	118
kleinsten	118
korrigiert	118
normaler	118
strahlt	118
verbrannt	118
verletzen	118
veränderte	118
wandern	118
wecken	118
zwischendurch	118
älterer	118
überwacht	118
abbiegen	117
abhalten	117
alternativen	117
ausgenommen	117
ausgewiesen	117
auszutauschen	117
brutto	117
einzeln	117
erlebten	117
erschaffen	117
fungiert	117
gewaltigen	117
gucken	117
höherer	117
ihrerseits	117
kräftigen	117
medizinisch	117
monatlichen	117
real	117
reparieren	117
schiebt	117
sinnvolle	117
stolze	117
traut	117
unterliegen	117
verlegen	117
verstärkte	117
vertrieben	117
wiegt	117
äußerten	117
abzugeben	116
andauernden	116
anonym	116
bräuchte	116
einzustellen	116
falle	116
gepflanzt	116
kurzfristige	116
künstlerische	116
langjähriger	116
leuchtet	116
praktischen	116
radikalen	116
regional	116
riesiges	116
rollen	116
schwebt	116
signalisiert	116
vergab	116
vermisste	116
verschlechtert	116
widerspricht	116
östlich	116
anziehen	115
bisweilen	115
dicken	115
einlegen	115
einzuführen	115
empfinden	115
endgültigen	115
entschuldigt	115
fünfmal	115
geschoben	115
gültigen	115
kassieren	115
legendäre	115
sowas	115
speichern	115
stammende	115
verbreiteten	115
versehentlich	115
vorletzten	115
ambulanten	114
aufgeteilt	114
auftauchen	114
ausmachen	114
bedrohte	114
befahrbar	114
beheben	114
behindert	114
bereitstellen	114
demselben	114
engagierten	114
findest	114
geglaubt	114
global	114
heimlich	114
jünger	114
kommentieren	114
konzipiert	114
misst	114
niedrigeren	114
packt	114
persönliches	114
sanken	114
schief	114
schmecken	114
schob	114
schwanger	114
transparent	114
verbringt	114
abgewiesen	113
abnehmen	113
angegangen	113
angerufen	113
ansteigen	113
basieren	113
bildeten	113
einzudämmen	113
gefertigt	113
gelbe	113
ginn	113
günstigsten	113
hinterfragen	113
höchster	113
jeher	113
landeten	113
laufend	113
mangelt	113
massiver	113
privater	113
puncto	113
schlichtweg	113
stürzt	113
tauschen	113
trans	113
wertvollen	113
westlicher	113
willst	113
zwangsläufig	113
absurd	112
angenehm	112
angezündet	112
asiatischen	112
bekleidet	112
bestmöglich	112
betrunken	112
bewaffnete	112
bezog	112
direkter	112
einführen	112
fossile	112
frage	112
gerüstet	112
gestalteten	112
historischer	112
kombinieren	112
litt	112
lockte	112
militärisch	112
permanent	112
ruhen	112
schaute	112
stabilen	112
verdammt	112
verkünden	112
vorzugehen	112
weitem	112
üblicherweise	112
abgefeuert	111
absichtlich	111
achte	111
drohe	111
erfassen	111
gereinigt	111
gestand	111
gewünschte	111
hochwertigen	111
involviert	111
islamistische	111
juristische	111
liegende	111
losgehen	111
meiden	111
nacheinander	111
schwersten	111
verbleibenden	111
verdächtige	111
verfolgte	111
verfolgten	111
verkörpert	111
veränderten	111
vorbehalten	111
wärmer	111
ärgern	111
überschlug	111
abgelaufen	110
angebotenen	110
ausgelassen	110
ausweiten	110
bestimmter	110
danke	110
drittes	110
eigenständig	110
einzuhalten	110
engem	110
erschöpft	110
erwischte	110
feinen	110
gelungenen	110
getrunken	110
hell	110
herausragende	110
hinauf	110
jenes	110
obersten	110
regt	110
respektive	110
schrieben	110
spazieren	110
stabilisieren	110
verursachten	110
vollzogen	110
überträgt	110
abgelöst	109
abgezogen	109
aktiver	109
angehört	109
ausfindig	109
betonten	109
deckt	109
derzeitigem	109
generieren	109
herausgefunden	109
israelischer	109
motivieren	109
ordnete	109
schliesslich	109
sinkenden	109
steirischen	109
trockenem	109
vehement	109
verkraften	109
vorläufige	109
vorrangig	109
wach	109
warteten	109
weißer	109
zusätzlicher	109
allenfalls	108
angedeutet	108
angehören	108
angespannten	108
argumentierte	108
beschränken	108
betrat	108
christlichen	108
denselben	108
deutsches	108
dreieinhalb	108
entspreche	108
erforderliche	108
erhebt	108
europaweit	108
finanzieller	108
geübt	108
glich	108
griechische	108
huet	108
häufen	108
jetzige	108
machbar	108
nahen	108
och	108
reale	108
sofortige	108
sogenanntes	108
unlängst	108
unterbinden	108
verkauften	108
zugeordnet	108
zusammenkommen	108
abgesperrt	107
aktivieren	107
aufgestockt	107
barrierefrei	107
begraben	107
beibehalten	107
beschlossene	107
beschlossenen	107
besetzte	107
bewirken	107
bewährt	107
eingestiegen	107
geforderten	107
gemeinnützige	107
geprägten	107
gewertet	107
helfe	107
höheres	107
kaufte	107
komplex	107
laute	107
montags	107
reibungslos	107
samstags	107
sonstige	107
systematisch	107
unzureichend	107
verpassten	107
vollständigen	107
vorgeschrieben	107
vorsieht	107
überlebte	107
überraschte	107
aktuellem	106
anzugreifen	106
ausgeliehen	106
ausgemacht	106
beliebtes	106
beruht	106
besiegt	106
eingewechselte	106
einmalige	106
empört	106
entfalten	106
fein	106
gefilmt	106
genutzten	106
geschaut	106
lokal	106
mitzunehmen	106
reguläre	106
sicherten	106
unterziehen	106
verknüpft	106
verschiedensten	106
zahlte	106
abgeschaltet	105
ausgeschieden	105
darauffolgenden	105
definieren	105
dichte	105
diplomatischen	105
dominieren	105
eingetreten	105
erneuerbarer	105
erschweren	105
festnehmen	105
festzustellen	105
galten	105
gelitten	105
geredet	105
grob	105
harter	105
härter	105
kennenzulernen	105
klagte	105
mitspielen	105
offenes	105
prägen	105
schaffe	105
schreibe	105
sofortigen	105
sonderlich	105
unterschätzen	105
verbesserten	105
verhältnismäßig	105
zirka	105
ähnlicher	105
anstrengend	104
bedacht	104
buchstäblich	104
erwies	104
geachtet	104
gelegene	104
heißer	104
heurigen	104
ignorieren	104
kletterte	104
netto	104
neuerdings	104
rückläufig	104
schaltet	104
schaue	104
stationäre	104
trainierte	104
vereinbaren	104
verärgert	104
vorstellbar	104
ziehe	104
zurückzukehren	104
äußeren	104
ausreichende	103
bedauert	103
eingeweiht	103
erfreuen	103
erlangen	103
formulierte	103
geführten	103
gelungene	103
gestritten	103
glücklichen	103
klappen	103
modern	103
nächtlichen	103
schnellsten	103
sperren	103
stoppte	103
ständige	103
unheimlich	103
weckt	103
wehrte	103
wiederholte	103
ökologische	103
abgestürzt	102
angetroffen	102
angewendet	102
annähernd	102
anzusehen	102
auftritt	102
auswählen	102
begehrt	102
defensiv	102
erschienenen	102
feine	102
flogen	102
gegenwärtigen	102
geheime	102
geschlossene	102
gewisser	102
hinunter	102
kleinste	102
namentlich	102
niedrigsten	102
nähert	102
nützlich	102
probiert	102
ratsam	102
regulär	102
reichten	102
rutscht	102
ständigen	102
verkürzt	102
verwehrt	102
verzichtete	102
vorderen	102
abdecken	101
angrenzende	101
anstelle	101
aufgehalten	101
befahren	101
del	101
deutete	101
dieselben	101
eingedrungen	101
einstecken	101
fertigen	101
geringem	101
gespart	101
geweckt	101
günstigere	101
harmlos	101
interessierten	101
jemandem	101
niedrigere	101
positionieren	101
staatlicher	101
süße	101
tendenziell	101
unverzichtbar	101
vernichtet	101
winkt	101
übermittelt	101
überzogen	101
angestellt	100
argumentieren	100
ausgebildete	100
ausgewechselt	100
auszugleichen	100
beachtet	100
bedankt	100
bekannteste	100
bestaunen	100
bewies	100
bräuchten	100
einbezogen	100
einmalig	100
einrichten	100
einschränken	100
eiskalt	100
erforscht	100
ertragen	100
etwaige	100
fremde	100
friedliche	100
gesteht	100
gewöhnen	100
goldene	100
gängigen	100
insofern	100
konkreter	100
modernisiert	100
mögliches	100
pauschal	100
positiver	100
russischem	100
schweigen	100
strenge	100
ungarische	100
verdeutlicht	100
verschont	100
vum	100
ärztliche	100
überschaubar	100
übertrieben	100
angemessene	99
angeschlagenen	99
ansässige	99
aufweist	99
beschwert	99
entspannen	99
ernsthafte	99
eurem	99
fixiert	99
fortzusetzen	99
generiert	99
geschnitten	99
geworben	99
inakzeptabel	99
leichtes	99
manches	99
medizinischer	99
merklich	99
mischt	99
spektakulär	99
stünde	99
vernetzt	99
wagt	99
wegzudenken	99
wunderschöne	99
überzeugend	99
abrufbar	98
anstehen	98
erahnen	98
erinnere	98
etablierten	98
exklusive	98
falscher	98
gewaltsamen	98
gewiss	98
integrierten	98
koordiniert	98
monatelang	98
muslimischen	98
nix	98
parteilos	98
peinlich	98
rechne	98
rechnete	98
renommierte	98
roter	98
scheiden	98
schwerem	98
sticht	98
süßen	98
unfassbar	98
verlorenen	98
verschleppt	98
verwendeten	98
verwunderlich	98
wiesen	98
ärgerlich	98
überreichte	98
absetzen	97
aggressiven	97
agierte	97
aufsteigen	97
ausgiebig	97
bangen	97
beeinträchtigen	97
belarussischen	97
betritt	97
dänische	97
erlag	97
erweiterten	97
evangelische	97
fahre	97
geknackt	97
gemeinsamer	97
geschwächt	97
grösste	97
interessanten	97
kandidieren	97
personell	97
pflegt	97
rettet	97
ruhigen	97
schadet	97
schmerzhaft	97
sinkende	97
stillen	97
trennt	97
unbemerkt	97
unmittelbaren	97
verbundene	97
versetzen	97
verständigte	97
verurteilen	97
zentrales	97
zählten	97
ausgelaufen	96
belgische	96
betrogen	96
blockierten	96
brutale	96
einher	96
einschätzen	96
erkranken	96
erschreckend	96
erwachsenen	96
fahndet	96
faire	96
führender	96
gekennzeichnet	96
gepackt	96
gewaltige	96
grosser	96
mat	96
militärischer	96
mobil	96
mächtigen	96
qualifizierten	96
rechtsextreme	96
registrierte	96
stundenlang	96
syrischen	96
veranstalten	96
vergangenem	96
verkürzen	96
versteigert	96
zueinander	96
zusätzliches	96
überfällig	96
abbauen	95
anfällig	95
antworten	95
begleitete	95
beschuldigt	95
bevorzugen	95
eingewechselt	95
empfunden	95
erfreulich	95
geklagt	95
gemeldeten	95
hänge	95
kannten	95
klassischer	95
kritischer	95
kündigten	95
net	95
nutze	95
optimiert	95
personellen	95
regieren	95
registrieren	95
sech	95
verbotenen	95
verstärkten	95
wesentlicher	95
zahlten	95
abschließenden	94
allemal	94
angeben	94
antritt	94
arbeitslos	94
authentisch	94
begehrten	94
benennen	94
bescheiden	94
besichtigen	94
blickte	94
diverser	94
donnerstags	94
doppelte	94
drohende	94
festzuhalten	94
gemischt	94
geringfügig	94
geschützten	94
gewohnten	94
halfen	94
keines	94
leckere	94
längste	94
parken	94
schlossen	94
schwacher	94
seinerseits	94
stehlen	94
trieb	94
unerlässlich	94
unverzüglich	94
verkürzte	94
zeitgemäß	94
zweistelligen	94
übliche	94
alkoholisiert	93
aufgeregt	93
bar	93
befindliche	93
begreifen	93
bereinigte	93
besagt	93
beschimpft	93
beschließt	93
bezahlte	93
einfließen	93
einhalten	93
explodiert	93
fremden	93
geforderte	93
genügt	93
gewollt	93
günstigeren	93
interpretiert	93
kühle	93
langes	93
liegend	93
milden	93
morgigen	93
mutmaßlicher	93
nationaler	93
produzierte	93
profitierte	93
rassistischen	93
riesiger	93
strafbar	93
tanzt	93
umsteigen	93
unvermittelt	93
vergibt	93
vertraute	93
vorangegangenen	93
vorherige	93
wahrlich	93
westlich	93
zehnte	93
zwingt	93
übernahmen	93
absolutes	92
angeschafft	92
anzugehen	92
aufzuklären	92
backen	92
beurteilt	92
bewahrt	92
billig	92
dauerhaften	92
dick	92
eintreten	92
entschuldigen	92
entwendeten	92
erweisen	92
fahrenden	92
funktionierende	92
fühlten	92
gebrauchen	92
geführte	92
gönnen	92
haltet	92
kommerziellen	92
lebendig	92
neugierig	92
pur	92
queeren	92
schätzungsweise	92
teuersten	92
top	92
vergehen	92
vermietet	92
vorweisen	92
überwiesen	92
begründen	91
belief	91
derartigen	91
drehten	91
erfasste	91
erhoffen	91
erweiterte	91
geprallt	91
geschockt	91
größtes	91
herausgegeben	91
kippte	91
kompensieren	91
marode	91
nähern	91
ordentlichen	91
schlechtesten	91
solltet	91
verhängte	91
verschlossen	91
verwirklichen	91
verübt	91
wertvoll	91
widersprechen	91
wozu	91
würdigte	91
zubereitet	91
zurückgehen	91
abheben	90
aufgezeichnet	90
aufgezeigt	90
beabsichtigt	90
blau	90
dachten	90
danken	90
detailliert	90
durchlaufen	90
eindeutige	90
eingeholt	90
entfällt	90
entworfen	90
erwähnten	90
frisches	90
geheimen	90
geheiratet	90
gestellten	90
glaubte	90
grünem	90
kulinarische	90
neutral	90
plane	90
reduzierten	90
robust	90
schneidet	90
steige	90
stoppt	90
taten	90
unnötige	90
verbergen	90
verbirgt	90
verdrängt	90
vereinfachen	90
verwaltet	90
zweitgrößte	90
angefordert	89
anhaltend	89
auswirkt	89
begehen	89
distanziert	89
eingespart	89
empfahl	89
erheblicher	89
ernähren	89
ersichtlich	89
feierlich	89
feierlichen	89
gegriffen	89
gelagert	89
geparkt	89
getätigt	89
gewissermaßen	89
gewählte	89
grundsätzliche	89
interessanter	89
irritiert	89
komplexer	89
lagern	89
liberale	89
nachhaltiges	89
plädierte	89
realistische	89
sensible	89
streamen	89
verbietet	89
vereinen	89
vergleicht	89
vergrößert	89
verstorbene	89
verwalten	89
worum	89
wundert	89
ablaufen	88
anheben	88
aussteigen	88
aussuchen	88
auszusetzen	88
befestigt	88
behielt	88
belästigt	88
besiegte	88
bestehender	88
dauerten	88
drinnen	88
eintraf	88
floh	88
irgendwas	88
irgendwelche	88
isoliert	88
isst	88
juristisch	88
juristischen	88
künstlich	88
längsten	88
mitsamt	88
ordnungsgemäß	88
religiösen	88
riskieren	88
schmalen	88
schwerste	88
schwächen	88
steil	88
unterhält	88
unterschreiben	88
variieren	88
veranschlagt	88
verwendete	88
vornehmlich	88
zurückkehrt	88
abgebildet	87
abrufen	87
ankündigte	87
anzusprechen	87
ausgesucht	87
ausländischer	87
darzustellen	87
dringenden	87
elektrisch	87
erbringen	87
erfolgten	87
fassungslos	87
gewordenen	87
heizen	87
helle	87
informierten	87
möge	87
nachzudenken	87
nahtlos	87
planmäßig	87
satt	87
schweres	87
schwärmte	87
stammten	87
symbolisch	87
testet	87
veranlasst	87
verfüge	87
verunglückt	87
überstehen	87
ambitionierte	86
aussprechen	86
bestes	86
doppelten	86
dreistelligen	86
einfallen	86
enttäuschend	86
erfolgreiches	86
fokussieren	86
geliebt	86
genervt	86
genutzte	86
geplatzt	86
geschrumpft	86
gezeichnet	86
heftiger	86
just	86
kassierten	86
klicken	86
kulinarischen	86
kurzfristigen	86
kühl	86
mangels	86
mühsam	86
prinzipiell	86
restliche	86
saubere	86
spekulieren	86
terroristischen	86
trauert	86
verdoppeln	86
vertreiben	86
wegfallen	86
zweifellos	86
österreichweit	86
anwenden	85
begeisterten	85
beherrschen	85
bestenfalls	85
brennende	85
diskutierte	85
durchsuchten	85
eindringlich	85
gekocht	85
hartes	85
heiraten	85
herausstellte	85
ineinander	85
initiiert	85
kämpferisch	85
markierte	85
mental	85
mentale	85
nannten	85
nebst	85
nett	85
platzen	85
psychologische	85
rassistisch	85
repräsentativen	85
richteten	85
rückwärts	85
seitlich	85
twitterte	85
unkompliziert	85
unterirdischen	85
voranbringen	85
wirkliche	85
wunderbare	85
wöchentlichen	85
zweitägigen	85
ökologisch	85
überdenken	85
angelegten	84
anzeigen	84
aufgehört	84
baldige	84
bekommst	84
berüchtigten	84
bescherte	84
bürgerlichen	84
diskutierten	84
eingespielt	84
einsam	84
enttäuschenden	84
erlaubte	84
erobern	84
gekracht	84
gekürzt	84
gelohnt	84
hautnah	84
heiligen	84
herausfordernd	84
hingelegt	84
jahrzehntelang	84
jeglicher	84
katastrophalen	84
klassisch	84
kontaktiert	84
kreieren	84
kursieren	84
leisteten	84
lernten	84
lösten	84
minimal	84
mittendrin	84
motivierte	84
munter	84
ordentliche	84
radikal	84
relevante	84
solidarisch	84
toller	84
umfangreiches	84
umgeht	84
umsetzbar	84
unterschrieb	84
vereinfacht	84
verkehrt	84
verlässlich	84
verpflichtend	84
versammeln	84
verunsichert	84
vorgesehene	84
werdet	84
wochenlang	84
absagen	83
abzubauen	83
afrikanische	83
anzutreten	83
aufgelegt	83
ausführlichen	83
australische	83
beantragte	83
beheimatet	83
beinhalten	83
beruft	83
besiegen	83
betreffe	83
bitteren	83
blind	83
brauchten	83
eingeschlossen	83
einsatzbereit	83
erhalte	83
erspart	83
familiären	83
finnischen	83
frustriert	83
funktioniere	83
füllt	83
geborenen	83
gefüllten	83
gekrönt	83
gelernte	83
gepostet	83
hellen	83
hervorragenden	83
junges	83
klug	83
kommendes	83
lecker	83
lenkte	83
modernes	83
monatliche	83
nebenan	83
norwegischen	83
näheren	83
obendrein	83
sanieren	83
schied	83
schonen	83
senkt	83
sonstigen	83
sächsische	83
tobt	83
treffe	83
umgewandelt	83
umliegende	83
verlagert	83
verschiedenste	83
verschrieben	83
verspielt	83
verurteilten	83
wahrsten	83
werdende	83
weswegen	83
wirkten	83
überwältigt	83
angelaufen	82
anschließende	82
ansässigen	82
aufgebracht	82
aufgeklärt	82
aufzuhalten	82
ausgedrückt	82
auslaufen	82
aussetzen	82
debattiert	82
dominierte	82
drastischen	82
drohten	82
durchgeführten	82
erstmalig	82
festgesetzt	82
folglich	82
fressen	82
funktionierte	82
gedulden	82
gehoben	82
gestellte	82
getrennte	82
intelligente	82
kommunaler	82
kooperieren	82
milde	82
mächtige	82
neusten	82
pausieren	82
regionaler	82
soeben	82
sportlicher	82
steigert	82
strikt	82
suche	82
unendlich	82
verfallen	82
verpackt	82
vorkommt	82
waschen	82
zweifache	82
überschreiten	82
abzuschließen	81
anderweitig	81
ansetzen	81
aufbringen	81
belegten	81
bereichern	81
diplomatische	81
erbracht	81
ermöglichte	81
fahrlässiger	81
gemeistert	81
gestattet	81
globaler	81
gravierende	81
grenzt	81
hierher	81
hinzugefügt	81
indigenen	81
integrierte	81
kranke	81
kümmerte	81
nachweislich	81
nirgendwo	81
reserviert	81
römischen	81
schalten	81
scheiterten	81
schweigt	81
schätze	81
seltsam	81
sonnig	81
stützen	81
trennten	81
verheerende	81
vermeldet	81
versteckte	81
vorzunehmen	81
wertet	81
zittern	81
abgeschoben	80
allermeisten	80
angeschlagene	80
ausführen	80
ausgezeichnete	80
aushalten	80
automatische	80
befürwortet	80
benachbarte	80
bezahlten	80
demokratisch	80
einreichen	80
einsparen	80
erkundet	80
erwachsene	80
ferner	80
formulieren	80
geheißen	80
gelangten	80
geltende	80
gemeinnützigen	80
geraumer	80
gerutscht	80
gezündet	80
herausragenden	80
herrsche	80
infiziert	80
klang	80
kompensiert	80
komplizierter	80
kräftige	80
landesweiten	80
neigt	80
norwegische	80
reicher	80
schwerwiegende	80
sexy	80
strafrechtlich	80
stürzten	80
unbeantwortet	80
verkehren	80
vernünftig	80
zunehmender	80
ökonomischen	80
überdies	80
abbrechen	79
ablehnen	79
akute	79
anerkennen	79
angestrebt	79
aufklären	79
ausgebreitet	79
bedeutenden	79
beendeten	79
besagten	79
britischer	79
chinesischer	79
drangen	79
enthaltenen	79
erhobenen	79
erlernen	79
erstattete	79
friedlichen	79
fröhlich	79
gebürtigen	79
gekippt	79
gespalten	79
gewagt	79
glückliche	79
hartnäckig	79
hinterließ	79
knacken	79
mischen	79
mittwochs	79
offenkundig	79
produzierten	79
schlimmste	79
steilen	79
tierischen	79
touchierte	79
turbulenten	79
umfangreich	79
unabhängiger	79
unerwartete	79
untere	79
verbrauchen	79
verdächtigen	79
verfügte	79
verschlossenen	79
viral	79
weitergeleitet	79
wiegen	79
zugegeben	79
zugestellt	79
zurückgetreten	79
ärztlichen	79
öffneten	79
übel	79
angestoßen	78
anzulegen	78
ausgenutzt	78
ausschlaggebend	78
ausserdem	78
auszuprobieren	78
bearbeiten	78
betreffenden	78
bösen	78
digitales	78
einbauen	78
eingesetzte	78
eingetragen	78
eintrafen	78
erfolge	78
ergattern	78
erstaunt	78
erweist	78
faktisch	78
festgelegten	78
flächendeckend	78
geerntet	78
gekleidet	78
gen	78
gesessen	78
gesundes	78
herangezogen	78
heutiger	78
kranken	78
mangelnder	78
männlich	78
naher	78
nervt	78
platzieren	78
rassistische	78
regen	78
schlechteste	78
spurlos	78
taktische	78
taktischen	78
unbestimmten	78
ungeklärt	78
urteilte	78
verteilte	78
vielseitig	78
wahlweise	78
weigerte	78
weitergeführt	78
wirksame	78
wunderbaren	78
würdigen	78
zuschauen	78
absolvierten	77
alltäglichen	77
angetrieben	77
beherbergt	77
bemerken	77
bemerkten	77
demonstrierten	77
denjenigen	77
diagnostiziert	77
dichten	77
dokumentieren	77
effiziente	77
eingesperrt	77
einzugehen	77
erbeutet	77
erfahrt	77
erfinden	77
eventuelle	77
flexible	77
fungieren	77
ganzer	77
gegenseitige	77
gepasst	77
gestochen	77
gewordene	77
gratulierte	77
großartigen	77
hinzufügen	77
hörten	77
importiert	77
indische	77
klassisches	77
kocht	77
komisch	77
korrigieren	77
lieb	77
neuerlichen	77
rechnerisch	77
reduzierte	77
registrierten	77
respektieren	77
schreckliche	77
schädlich	77
sonnigen	77
spezielles	77
stützt	77
umziehen	77
verbal	77
verlagern	77
verlässliche	77
weiblich	77
wählten	77
währenddessen	77
zweifeln	77
übertreffen	77
ambitionierten	76
angespannte	76
attackierte	76
aufwendige	76
aufzeigen	76
begab	76
benötige	76
beteiligte	76
bewilligt	76
bewundern	76
blutigen	76
deutsch	76
drastische	76
entschärft	76
entzündet	76
erforschen	76
erteilte	76
ewigen	76
facto	76
gehörig	76
gekonnt	76
gespürt	76
glücklicher	76
herausgestellt	76
herkömmliche	76
hing	76
jahrelange	76
kürzen	76
privates	76
radikale	76
rechtswidrig	76
renoviert	76
sicheres	76
sofortiger	76
spiegeln	76
strengere	76
tieferen	76
traurigen	76
verfehlte	76
vergleichbare	76
vorgestellten	76
wolkig	76
zwölften	76
öffentliches	76
anhören	75
arg	75
ausbreiten	75
ausgearbeitet	75
ausgestiegen	75
ausgezeichneten	75
auszugeben	75
begnügen	75
beliebteste	75
bürokratische	75
chancenlos	75
dynamisch	75
einzurichten	75
erkrankten	75
erließ	75
eskalierte	75
förmlich	75
fünfstelligen	75
gesendet	75
gesprungen	75
graue	75
jüdischer	75
lachend	75
lege	75
leibliche	75
neigen	75
physische	75
profitierten	75
reinigen	75
schuf	75
siegt	75
signifikant	75
umfassendes	75
unterrichten	75
verdächtigt	75
vereinbar	75
verzeichneten	75
vorhergesagt	75
warnten	75
zahlreich	75
zugefügt	75
ähnelt	75
abzuwenden	74
aktuelles	74
angedacht	74
angeregt	74
angestrebten	74
angezogen	74
aufbewahrt	74
ausgerüstet	74
befragte	74
bewirbt	74
durchweg	74
erhoffte	74
erlaubten	74
erteilen	74
erwartenden	74
forscht	74
fotografieren	74
gefälschten	74
geklaut	74
gemalt	74
geschätzten	74
hindern	74
jahrelangen	74
kompakt	74
konstruktive	74
lenkt	74
maximalen	74
mobilisieren	74
muß	74
niedergelegt	74
normales	74
notfalls	74
sammelten	74
schnellste	74
serbischen	74
sogleich	74
sorge	74
spezialisierte	74
stahlen	74
süß	74
tötete	74
umgegangen	74
unerkannt	74
unrealistisch	74
unterhaltsam	74
vage	74
vergleichbaren	74
verlorene	74
vorausgesetzt	74
zurückgegeben	74
zweitens	74
ähneln	74
ablösefrei	73
antiken	73
arme	73
aufgedeckt	73
aufnimmt	73
beauftragte	73
bedenkt	73
begrenzte	73
besorgen	73
bestimmtes	73
bewegten	73
bewirkt	73
dreißig	73
dringt	73
dumm	73
einseitig	73
elften	73
erhofften	73
erschließen	73
gelenkt	73
gesammelten	73
gestreikt	73
gültige	73
heilen	73
idealen	73
industriellen	73
kippen	73
nebeneinander	73
obere	73
provoziert	73
punktet	73
riskiert	73
schlüpfen	73
schriftlichen	73
sensibilisieren	73
sichtbare	73
soliden	73
sperrte	73
stechen	73
stellenweise	73
streiken	73
syrische	73
telefoniert	73
tiefsten	73
undenkbar	73
verbindliche	73
verschafften	73
verständigen	73
vorgegeben	73
vorzulegen	73
widmete	73
wunderschönen	73
zelebriert	73
ägyptischen	73
überragende	73
übte	73
abgespielt	72
aufregende	72
aufzugeben	72
behindern	72
bilateralen	72
bombardiert	72
dünne	72
einsehen	72
entspannter	72
ermögliche	72
erwirtschaftet	72
gekümmert	72
geopolitischen	72
getanzt	72
gewonnenen	72
großzügig	72
haltbar	72
haut	72
immens	72
inhaltliche	72
inwieweit	72
kompatibel	72
lächerlich	72
nachgehen	72
notierte	72
physischen	72
regnen	72
seht	72
streitet	72
tauchten	72
vorzustellen	72
weich	72
weißes	72
wundern	72
zugehen	72
zurückgelegt	72
überflüssig	72
überholte	72
aggressive	71
alternativ	71
ansteht	71
anzuschauen	71
auffällige	71
aufgestiegen	71
aufwärts	71
ausgeprägt	71
baldigen	71
bauten	71
befeuert	71
befreundet	71
bergauf	71
besaß	71
brannten	71
chemischen	71
dominierten	71
empfindlich	71
engsten	71
erneuern	71
eröffneten	71
flachen	71
ganzjährig	71
geklettert	71
gesicherten	71
gestohlenen	71
gestürmt	71
grosses	71
hauseigenen	71
hinterfragt	71
irgendetwas	71
konsumieren	71
lahmgelegt	71
las	71
liberalen	71
lindern	71
menschlich	71
mobilisiert	71
moderierte	71
populär	71
repräsentiert	71
schreitet	71
separat	71
separaten	71
souveränen	71
sowjetischen	71
stattfindenden	71
suspendiert	71
sämtlichen	71
uneingeschränkt	71
ungerecht	71
verdrängen	71
verdächtig	71
verteilten	71
vertiefen	71
wechselnden	71
zurückzuziehen	71
abgewehrt	70
abschaffen	70
abzusehen	70
auslaufenden	70
ausreicht	70
ausstehenden	70
begibt	70
beginne	70
bekennen	70
beschmiert	70
beschweren	70
besserer	70
bezeichneten	70
bremst	70
dahingehend	70
dunkler	70
düstere	70
effektive	70
einfaches	70
eingefangen	70
eingefroren	70
einheitlichen	70
einzunehmen	70
enthielt	70
fantastische	70
flexibler	70
flossen	70
führend	70
geflossen	70
gelangte	70
geliebten	70
gelockt	70
irgendeiner	70
kreiert	70
kurzes	70
leckeren	70
loben	70
nachfolgenden	70
offizieller	70
ordnet	70
religiöse	70
repräsentative	70
sachlich	70
sommerlichen	70
spannender	70
späte	70
stabilisiert	70
stehend	70
umgebracht	70
unerwarteten	70
unterstreichen	70
verlängerte	70
versagt	70
versichern	70
versuchter	70
verunglückten	70
vierstelligen	70
vornherein	70
weiträumig	70
zugesichert	70
zugesprochen	70
zusehen	70
äußere	70
überführt	70
überlastet	70
überschattet	70
abkühlen	69
alljährlich	69
analysierte	69
anerkannte	69
anfallen	69
armen	69
ausbezahlt	69
auszahlen	69
besichtigt	69
beteuert	69
beteuerte	69
coole	69
dankt	69
derjenige	69
derjenigen	69
durcheinander	69
dynamische	69
effektiver	69
einigten	69
entsorgen	69
ermutigen	69
eroberte	69
erzeugten	69
etablierte	69
fantastisch	69
freigestellt	69
gefälschte	69
genoss	69
gesperrten	69
gestiegener	69
getauscht	69
günstigste	69
halbwegs	69
heiter	69
herunterladen	69
hervorgehoben	69
industrielle	69
irischen	69
jagen	69
knapper	69
kuriose	69
lebend	69
löschte	69
mäßiger	69
nackt	69
niedrigste	69
passe	69
passendes	69
platzt	69
reichsten	69
republikanische	69
schaltete	69
schossen	69
schöpfen	69
spezifischen	69
stach	69
steigerte	69
streicht	69
strukturelle	69
stürmte	69
technologischen	69
teuerste	69
trinkt	69
umstellen	69
unglaublichen	69
unterliegt	69
unterzubringen	69
unzulässig	69
verbuchen	69
verbuchte	69
verfügbare	69
verpflichtende	69
verzögern	69
vorgeschlagene	69
vorzeitigen	69
wüssten	69
zurückblicken	69
zurückgeben	69
zweit	69
überflutet	69
überschlagen	69
anschaut	68
attackieren	68
ausgeschöpft	68
baulichen	68
befristet	68
bekennt	68
beruhen	68
bestmögliche	68
bestreikt	68
dringende	68
ehesten	68
einleiten	68
entschuldigte	68
erfuhren	68
erkrankte	68
errichtete	68
ewige	68
fatal	68
fossiler	68
gebacken	68
geförderten	68
gigantischen	68
gratulieren	68
gratuliert	68
heimischer	68
härtere	68
kluge	68
konkretes	68
malen	68
menschlicher	68
nachgeholt	68
nahegelegenen	68
reif	68
rundum	68
rückgängig	68
schienen	68
schlimmen	68
stammenden	68
stimme	68
trockene	68
unbegründet	68
unterstellt	68
veganen	68
vereinbarte	68
vergisst	68
verkleidet	68
vermutete	68
verstand	68
verweigerte	68
vorstellt	68
weinen	68
widersprach	68
zugeschlagen	68
überweisen	68
abweichen	67
akut	67
angestrebte	67
arabische	67
aufhorchen	67
ausbilden	67
bedrohten	67
besiedelten	67
entsprach	67
ereigneten	67
erhöhtes	67
ermordeten	67
erstochen	67
exportiert	67
festzulegen	67
freundlichen	67
geahndet	67
gleichwohl	67
glänzte	67
hinbekommen	67
identisch	67
komplizierten	67
kursiert	67
moderat	67
nachmittags	67
optimalen	67
parierte	67
prägte	67
publiziert	67
rannte	67
raschen	67
rege	67
reisten	67
richtiges	67
rutschen	67
schenkt	67
schlechtem	67
schnelleren	67
stammte	67
stürmen	67
stürmischen	67
ter	67
tierische	67
tummeln	67
ungewohnt	67
verbrachten	67
verschärfte	67
werten	67
wertete	67
with	67
abgesprochen	66
abgewickelt	66
ablesen	66
achtet	66
anreisen	66
anrufen	66
ausgebucht	66
ausgeschüttet	66
auszuweiten	66
befänden	66
beispiellosen	66
beobachteten	66
beschriebenen	66
deutliches	66
dreitägigen	66
dünner	66
einzubringen	66
einzuschränken	66
entspannte	66
erleiden	66
erwartungsgemäß	66
fahrbereit	66
fänden	66
gegenseitigen	66
geistige	66
geständig	66
heimgesucht	66
interaktive	66
irgendeine	66
kompakten	66
komplizierte	66
konkurrenzfähig	66
kühler	66
litten	66
lustige	66
mochte	66
musikalischer	66
möchtest	66
naturgemäß	66
optische	66
regelt	66
ruhige	66
saarländischen	66
satten	66
schrecklich	66
schriftliche	66
schrumpft	66
sensiblen	66
smarte	66
spannendes	66
spezifische	66
tagelang	66
teilhaben	66
tragische	66
unangenehme	66
unmittelbare	66
verdeutlichen	66
vernünftige	66
vorzeitige	66
zulässt	66
zuverlässige	66
abgeleitet	65
ablegen	65
ansprechbar	65
aufgepasst	65
auflösen	65
ausdrücken	65
ausgelastet	65
baden	65
beeindrucken	65
bejubelt	65
bemängelt	65
benachteiligt	65
besessen	65
bezweifelt	65
breitet	65
dementiert	65
detaillierte	65
durchbrochen	65
durchstarten	65
dünnen	65
eindeutigen	65
eingeläutet	65
einlassen	65
einlädt	65
ergriff	65
erhöhter	65
essenziell	65
festgeschrieben	65
fordere	65
geduldig	65
gefesselt	65
gefüttert	65
gelaunt	65
gezeigten	65
gleichmäßig	65
glänzt	65
großteils	65
großzügige	65
herrlich	65
hinzuweisen	65
hochrangige	65
indessen	65
intelligenten	65
kalifornischen	65
kommerzielle	65
konsequente	65
konstruktiv	65
konventionellen	65
koordinieren	65
lese	65
manipuliert	65
mediale	65
mild	65
nachkommen	65
regelrechten	65
regierenden	65
reguliert	65
reiner	65
robuste	65
schlank	65
schneit	65
schwarzes	65
sendet	65
sichtbaren	65
simpel	65
stabiler	65
stationär	65
statistisch	65
strenger	65
umgestaltet	65
unterlagen	65
untersuchte	65
unverständlich	65
verbucht	65
vernachlässigt	65
vielerlei	65
zeitlichen	65
zeugt	65
zutage	65
zweijährigen	65
abhängen	64
andauernde	64
angelegte	64
angenehme	64
anspruchsvolle	64
auffälligen	64
ausgewogene	64
autonomen	64
beiseite	64
berechnen	64
bereitzustellen	64
bergab	64
bewohnbar	64
brauchst	64
bündeln	64
entgegnete	64
erfüllte	64
ermittelte	64
erstatten	64
erwarb	64
flächendeckende	64
formal	64
fremd	64
fähig	64
geglückt	64
geschützte	64
gesetzten	64
gewalttätigen	64
happy	64
hinzugezogen	64
jagt	64
kirchlichen	64
kleben	64
leide	64
lokaler	64
manuell	64
mega	64
mexikanischen	64
muslimische	64
nachlegen	64
offensive	64
ostdeutschen	64
perspektivisch	64
physisch	64
plötzlichen	64
publik	64
rangiert	64
schlagartig	64
spüre	64
symbolischen	64
temporär	64
temporäre	64
ungefährlich	64
unterbringen	64
verbleiben	64
verklagt	64
vermarktet	64
verschaffte	64
wahrer	64
weithin	64
welch	64
zerschlagen	64
übergehen	64
überquert	64
abgeschlossenen	63
abzuschaffen	63
akzeptabel	63
analog	63
anerkannten	63
angeblicher	63
aufgebraucht	63
aufgeladen	63
ausgeübt	63
ausserhalb	63
bauliche	63
bedeutendsten	63
beginnenden	63
begünstigt	63
beieinander	63
beschaffen	63
christliche	63
dauere	63
dienstags	63
drang	63
dringen	63
eingeschätzt	63
einplanen	63
erlebe	63
erwachsen	63
familiäre	63
fragten	63
fällen	63
gefiel	63
gelacht	63
genügen	63
illegaler	63
impfen	63
intensiviert	63
krachen	63
leuchten	63
loswerden	63
milder	63
minder	63
mühelos	63
nette	63
offensiven	63
potenzieller	63
prächtig	63
regelmässig	63
romantische	63
sangen	63
schnappte	63
schweben	63
sortiert	63
sprachlos	63
steirische	63
tags	63
ungebrochen	63
ungeklärten	63
verbrennen	63
verweigern	63
wechselten	63
witzig	63
zaubern	63
zugeben	63
zurückkommen	63
überragenden	63
abendlichen	62
abgewendet	62
amtliche	62
anfänglichen	62
appellieren	62
aufgelistet	62
ausgebildeten	62
ausgesehen	62
ausnahmsweise	62
ausweisen	62
beachtliche	62
befördern	62
belasteten	62
bemerkenswerte	62
besiegelt	62
bog	62
demzufolge	62
dicker	62
eingereichten	62
empfinde	62
empfindet	62
empfing	62
entgegenwirken	62
entschärfen	62
erlangte	62
erläutern	62
extremer	62
fortgeführt	62
geantwortet	62
gebannt	62
gewappnet	62
grau	62
hilflos	62
häuslicher	62
kehrten	62
kontaktieren	62
lehnten	62
magischen	62
medial	62
misshandelt	62
mutigen	62
nachgedacht	62
neunte	62
rar	62
resümiert	62
riecht	62
rückwirkend	62
scheidende	62
schier	62
schlau	62
schläft	62
sitze	62
soziales	62
stellvertretend	62
strahlte	62
strömen	62
unbestimmte	62
unerlaubt	62
ungenutzt	62
unsicheren	62
unvorstellbar	62
verborgen	62
vergeht	62
verhelfen	62
vertragen	62
volles	62
vorgegebenen	62
weiterführen	62
wiedergewählt	62
wirke	62
zehnmal	62
zielführend	62
zugewiesen	62
zukommt	62
überzeugenden	62
abwenden	61
abzusichern	61
ahnen	61
aktualisieren	61
ankam	61
anstellen	61
aufgearbeitet	61
aufgesetzt	61
aufrufen	61
aufsuchen	61
ausführliche	61
ausgeschaltet	61
außerordentlich	61
awer	61
berühmtesten	61
bewaffnet	61
bezwang	61
billigen	61
diskriminiert	61
dotierten	61
eingeführte	61
emotionaler	61
ernste	61
errichteten	61
eskalieren	61
finnische	61
formen	61
gemein	61
gemütliche	61
genehmigte	61
gesundheitlich	61
gewandelt	61
gewisses	61
glimpflich	61
grundlegenden	61
halbiert	61
höchstem	61
idealerweise	61
kleinerer	61
kletterten	61
klimaneutrale	61
klinischen	61
magische	61
mitbringt	61
mitgemacht	61
mitgewirkt	61
mitwirken	61
moniert	61
motivierten	61
nuklearen	61
nützen	61
nützliche	61
nützt	61
recherchiert	61
regulieren	61
richtiger	61
riskant	61
rum	61
schlechteren	61
schliessen	61
schwieriges	61
signalisieren	61
streben	61
umfahren	61
verlost	61
vermag	61
vorgelegten	61
wandert	61
wohnte	61
örtlich	61
übergibt	61
übernachten	61
abrupt	60
abstellen	60
abwehren	60
aggressiver	60
ambulant	60
angefertigt	60
anhaltender	60
anspricht	60
aufstehen	60
auftaucht	60
ausgedacht	60
ausgerückt	60
auszuweichen	60
basierend	60
beizutragen	60
beliefert	60
beschleunigte	60
bezahlbaren	60
biologische	60
chronischen	60
clever	60
diene	60
düsteren	60
edlen	60
eingekauft	60
eintragen	60
erbeuteten	60
erstaunliche	60
erwünscht	60
faszinierende	60
flott	60
freigesprochen	60
geregnet	60
geschmückt	60
geschult	60
gigantische	60
glänzen	60
herrschenden	60
historisches	60
immensen	60
irische	60
islamischen	60
katastrophal	60
kontrovers	60
kosteten	60
lebendige	60
leiteten	60
losgeht	60
merke	60
moralisch	60
naiv	60
nennenswerten	60
rasanten	60
resümierte	60
rosa	60
sachdienliche	60
schildern	60
schrie	60
schrumpfen	60
schwingt	60
siebte	60
sprengen	60
spürbare	60
sukzessive	60
trauern	60
träumt	60
unschuldig	60
verbotene	60
vergrößern	60
verhinderten	60
verlauten	60
verschenkt	60
verteuert	60
vorstellte	60
wagte	60
weiters	60
weißt	60
winken	60
zehnjährige	60
zijn	60
abgefangen	59
abgerufen	59
ablösen	59
angebaut	59
anonyme	59
aufgefahren	59
aufgegangen	59
ausgehandelt	59
auszudrücken	59
berühren	59
bescheren	59
bestückt	59
einzuschätzen	59
empfehlenswert	59
erachtet	59
erweckt	59
fertige	59
flohen	59
geopolitische	59
gestützt	59
heimisch	59
herein	59
irreguläre	59
klasse	59
konservativ	59
kürzere	59
lehrt	59
liessen	59
lächelt	59
mach	59
mittags	59
rede	59
rumänischen	59
schließe	59
schätzte	59
schütteln	59
sinnvoller	59
strategischer	59
unauffällig	59
ungebremst	59
vegan	59
verantwortliche	59
verdankt	59
vertraglich	59
vertrat	59
warte	59
zugutekommen	59
zurücktreten	59
zusehends	59
zuweilen	59
öfters	59
überfahren	59
überquerte	59
abtransportiert	58
ambulante	58
amerikanischer	58
anzutreffen	58
basteln	58
begleiteten	58
beliefen	58
besorgte	58
bewohnt	58
bewährten	58
blockierte	58
blüht	58
detaillierten	58
durchbrechen	58
eigenständige	58
ernsthaften	58
erschlossen	58
erzeugte	58
freundliche	58
gebündelt	58
gedenken	58
geimpft	58
gewaschen	58
heizt	58
hindurch	58
hinterlegt	58
hörbar	58
installierte	58
interpretieren	58
jahrelanger	58
kantonalen	58
konterte	58
konzentrierte	58
logisch	58
markanten	58
missachtet	58
mittelgroßen	58
moralische	58
packte	58
pflanzen	58
professioneller	58
pure	58
rasante	58
regnerisch	58
restlos	58
riet	58
siegen	58
spielerische	58
staunen	58
tanken	58
technologische	58
teures	58
transparente	58
untergraben	58
vermelden	58
vernichten	58
vertagt	58
verwechselt	58
voranzubringen	58
wackelt	58
zwang	58
ärgerte	58
überarbeitete	58
überhöhter	58
überragend	58
abgeschlagen	57
absehbarer	57
abzuhalten	57
argentinische	57
befürchteten	57
beiträgt	57
bereite	57
bestem	57
blöd	57
chronisch	57
einordnen	57
einzigartiges	57
erfahrener	57
erfassten	57
ernten	57
errechnet	57
erwägt	57
fahrlässig	57
flüchtigen	57
forcieren	57
gebrauchte	57
geförderte	57
geschadet	57
gezielten	57
gnadenlos	57
größtem	57
gründeten	57
halber	57
heikel	57
hinzukommen	57
königlichen	57
lebenslange	57
liiert	57
logische	57
marschieren	57
mehren	57
nachgekommen	57
nachlesen	57
niedrigem	57
plötzliche	57
posiert	57
praktiziert	57
rechtfertigt	57
ringen	57
ringt	57
sanft	57
schreien	57
serbische	57
servieren	57
siegten	57
strukturellen	57
stürmisch	57
trete	57
unbesetzt	57
verkündeten	57
verlangten	57
verliefen	57
vernetzen	57
verrückte	57
verspätet	57
vorgeschlagenen	57
weitesten	57
wichtigster	57
wunderschön	57
zuzulassen	57
ökonomische	57
überwiegende	57
abzuholen	56
angeklagten	56
anonymen	56
anrichten	56
anspruchsvoll	56
aufhält	56
ausfiel	56
ausgeraubt	56
ausgesagt	56
bedenklich	56
bekanntes	56
beliebig	56
bemängelte	56
betriebliche	56
betrunkener	56
bewältigt	56
blühen	56
braune	56
bremste	56
bürgerliche	56
eingerechnet	56
einstelligen	56
eintreffen	56
entstehe	56
erzwingen	56
etwaigen	56
explodieren	56
final	56
flache	56
gebrauchten	56
gemischten	56
generelle	56
gewonnene	56
glaubten	56
heruntergeladen	56
jubelte	56
knüpfen	56
kooperiert	56
machst	56
markieren	56
mithelfen	56
monatelangen	56
nachgesagt	56
nachher	56
neutrale	56
offenbarte	56
phasenweise	56
populären	56
postet	56
prominent	56
prominenter	56
psychiatrischen	56
raste	56
ratlos	56
reiht	56
rollte	56
schlechthin	56
schnitt	56
spezialisierten	56
stahl	56
steile	56
strahlen	56
tausenden	56
technisches	56
teureren	56
tötet	56
ungemütlich	56
ungern	56
unterstrichen	56
verantwortet	56
verdreifacht	56
verschieden	56
versteckten	56
viereinhalb	56
vorlag	56
wirklichen	56
zugeschnitten	56
zuzuordnen	56
ändere	56
abgeliefert	55
abgeschwächt	55
abgestellten	55
abschließende	55
alltägliche	55
amtlichen	55
anfühlt	55
angeklagte	55
antrat	55
anzuheben	55
aufwendigen	55
aufzuzeigen	55
ausfüllen	55
auszustatten	55
bedauern	55
bejubeln	55
belohnen	55
bereut	55
besagte	55
breitere	55
bunter	55
distanzieren	55
eingebaute	55
einnimmt	55
elegant	55
elektronisch	55
falsches	55
festgeklebt	55
fortgeschritten	55
freigesetzt	55
gebührend	55
gedruckt	55
geeigneter	55
gefasste	55
gefundenen	55
geladenen	55
gemischte	55
gepaart	55
geschaffenen	55
glaubwürdig	55
grösser	55
heller	55
ideologischen	55
interagieren	55
investierte	55
klappte	55
knallt	55
koste	55
kräftiger	55
losgegangen	55
mancherorts	55
mehrjährigen	55
musikalisches	55
namhafte	55
neulich	55
preis	55
prima	55
protestierten	55
pädagogischen	55
rechter	55
rekrutiert	55
repräsentieren	55
sanfte	55
schauten	55
schmerzt	55
schreit	55
schwächeren	55
strömten	55
touristische	55
tropischen	55
umbauen	55
unermüdlich	55
vermehren	55
verpflichtete	55
vielfältiges	55
vollends	55
vorsichtiger	55
wachsender	55
warmes	55
weiterzugeben	55
weitreichenden	55
weltgrößte	55
wünschenswert	55
zahle	55
zig	55
zurückgelassen	55
zögerlich	55
überein	55
übersetzen	55
abgearbeitet	54
abgehakt	54
angefragt	54
angegriffenen	54
angenehmen	54
anspruchsvollen	54
argentinischen	54
auffallend	54
begehrte	54
bekämen	54
beleuchten	54
besonderem	54
bewusstlos	54
bloße	54
dazukommen	54
defensive	54
dynamischen	54
düster	54
ehrliche	54
engere	54
entpuppt	54
entstehenden	54
ernsten	54
erregt	54
erwecken	54
fachlich	54
fahrende	54
fundierte	54
gebremst	54
gefallenen	54
gefährdeten	54
gekannt	54
geschlafen	54
geschweige	54
gouf	54
groben	54
großflächig	54
hinzugekommen	54
hunn	54
intakt	54
jährt	54
kracht	54
künftiger	54
lahm	54
letztem	54
läge	54
mehrfacher	54
mitgehen	54
modernisieren	54
netten	54
näherte	54
optischen	54
peilt	54
platzte	54
portugiesischen	54
prägt	54
pädagogische	54
reines	54
rennen	54
rotes	54
schenkte	54
scheuen	54
schwerwiegenden	54
sensibel	54
sinn	54
soviel	54
sprangen	54
traditioneller	54
variiert	54
verankern	54
vermerkt	54
verstößt	54
voor	54
vorbeugen	54
wörtlich	54
zitieren	54
zugeführt	54
zuhören	54
zurücklegen	54
zweifelt	54
übermäßig	54
überrollt	54
ablehnt	53
abzulehnen	53
abzuwehren	53
ankündigt	53
ansatzweise	53
arbeitenden	53
attestiert	53
auffällt	53
aufholen	53
aufladen	53
auftrat	53
ausgetreten	53
ausklingen	53
auslöst	53
austoben	53
auszuüben	53
automatisierte	53
bekundet	53
bestürzt	53
beten	53
bewährte	53
bliebe	53
chemische	53
dazugehörigen	53
dienten	53
dreifache	53
dutzende	53
eingangs	53
eingeführten	53
empfindliche	53
entfaltet	53
entgegennehmen	53
erarbeitete	53
ergebe	53
ernüchternd	53
freigeschaltet	53
freundlicher	53
gelistet	53
gesetzte	53
gewirkt	53
haften	53
hiesige	53
hitzige	53
inhaltlichen	53
inszenierte	53
jugendlichen	53
kandidiert	53
klinische	53
korrekte	53
kuriosen	53
künstlerisch	53
markante	53
massenhaft	53
modernsten	53
nachholen	53
nächtliche	53
provozieren	53
reflektieren	53
reibungslosen	53
runde	53
schlechtere	53
schleuderte	53
schlucken	53
schwingen	53
sechsstelligen	53
sinnlos	53
steigend	53
strafrechtliche	53
tiefere	53
trüben	53
umbenannt	53
ungültig	53
unsichtbar	53
unterkommen	53
untermauert	53
unternimmt	53
unüblich	53
verbale	53
verbalen	53
verdeckt	53
vergebens	53
verhängen	53
vermittelte	53
vermuteten	53
vorüber	53
weicht	53
winterlichen	53
würdigt	53
zeugen	53
zugänglichen	53
zurückgenommen	53
zweifelsfrei	53
zweistellige	53
ärztlich	53
überschwemmt	53
üppig	53
abwärts	52
alpinen	52
anfühlen	52
anhält	52
anpacken	52
anzuschließen	52
aufbereitet	52
auffallen	52
aufgehen	52
aufgewertet	52
aufzuholen	52
ausgespielt	52
ausnutzen	52
befreundeten	52
begeht	52
begutachtet	52
beleben	52
benennt	52
betriebene	52
dazugehörige	52
doppelter	52
dreijährige	52
drängten	52
durchgängig	52
einbinden	52
eingesammelt	52
einmaligen	52
eintauchen	52
einzuleiten	52
einzusteigen	52
ermöglichten	52
folgerichtig	52
geflüchtete	52
genehmigen	52
gerührt	52
gesegnet	52
gestartete	52
gestarteten	52
gewehrt	52
gravierenden	52
großzügigen	52
harmonisch	52
hinab	52
hungrig	52
häufigste	52
importieren	52
initiierte	52
kombinierte	52
kommender	52
körperlicher	52
kühlt	52
lauschen	52
legitim	52
lockeren	52
mutige	52
namhaften	52
neutralen	52
olympischen	52
ostukrainischen	52
pocht	52
polizeiliche	52
prallen	52
ragt	52
rapide	52
romantischen	52
schicke	52
schleppend	52
schlimme	52
schlüpft	52
schräg	52
spitzt	52
touristischen	52
unerträglich	52
verabredet	52
veraltete	52
veranstaltete	52
verliere	52
verlängerten	52
versorgte	52
verständigten	52
vorweg	52
winzigen	52
zertifiziert	52
zulasten	52
zurückkehrte	52
zweitgrößten	52
überarbeiteten	52
abläuft	51
absichern	51
absteigen	51
allerhand	51
andernorts	51
angemeldeten	51
anregen	51
antisemitisch	51
atmen	51
aufatmen	51
aufzutreten	51
ausgebremst	51
ausreichenden	51
bedrohlich	51
beziffern	51
blauer	51
breiteren	51
dermaßen	51
dichter	51
drängte	51
einreisen	51
einseitige	51
einvernehmlich	51
erbaut	51
erhaltene	51
erhitzt	51
erlangt	51
ersehnte	51
erstellten	51
federführend	51
gedient	51
gefährdete	51
gehaltenen	51
geil	51
genieße	51
gerichtlich	51
gesperrte	51
greifbar	51
hindeuten	51
hübsche	51
irre	51
italienischer	51
kümmerten	51
laufender	51
nachgegangen	51
nennenswerte	51
niet	51
nirgends	51
nüchtern	51
offengelegt	51
plausibel	51
prekären	51
prognostizierte	51
prüfe	51
reflektiert	51
schmale	51
seriös	51
spendiert	51
sympathisch	51
tabu	51
taktisch	51
taugt	51
telefonieren	51
totale	51
umher	51
unerlaubten	51
ungeachtet	51
unterhaltsame	51
unweigerlich	51
verabschiedeten	51
vereinzelte	51
verglich	51
verlangsamen	51
verrückten	51
vormittags	51
vorwerfen	51
vorwärts	51
vorzubeugen	51
wertvoller	51
widerspiegeln	51
zugängliche	51
zusammenfassen	51
überfordern	51
übertraf	51
abschrecken	50
abziehen	50
angelehnt	50
angenehmer	50
annektierten	50
anzuhalten	50
anzumerken	50
arm	50
ausgeglichenen	50
ausgerollt	50
aussagen	50
automatischen	50
avancierte	50
barrierefreie	50
bedauerte	50
bedrohen	50
beeindruckte	50
bereichert	50
bestellte	50
betreute	50
beworfen	50
bilanzierte	50
biologischen	50
blutige	50
bürokratischen	50
dauernden	50
durchgehen	50
durchziehen	50
effektiven	50
einberufen	50
eleganten	50
energetische	50
ergehen	50
erlegen	50
ermutigt	50
ermäßigt	50
erscheinenden	50
erstellte	50
fatalen	50
fixieren	50
geblockt	50
gegnerische	50
gekoppelt	50
gelinge	50
gerammt	50
geratene	50
geringsten	50
geöffneten	50
gibts	50
giftig	50
gleichauf	50
heiratete	50
herbe	50
hingerichtet	50
hochkarätige	50
händeringend	50
immense	50
inhaftiert	50
inszenieren	50
interaktiven	50
jüngerer	50
katastrophale	50
kollektiven	50
konkurrieren	50
konzentrierten	50
köpfte	50
leichtem	50
logistische	50
missbrauchen	50
mittlerer	50
nordischen	50
plante	50
regierende	50
restauriert	50
rückblickend	50
schickten	50
schlichten	50
sechsmal	50
sichtbarer	50
sieglosen	50
stadtauswärts	50
steuerliche	50
systematische	50
südliche	50
teilnimmt	50
teurere	50
trennte	50
umgezogen	50
unfair	50
unhaltbar	50
verfasste	50
verteidigten	50
verunglückte	50
vorangehen	50
winzige	50
zuordnen	50
ärmsten	50
überzeugten	50